name,room_type,cancel_type,paymentType,bed_type,price,review,review_count,distance,address,checkin,checkout,city,url
shree katyayani residency,Standard Double Room with Fan,No prepayment needed,,2 single beds,"₹ 9,000",6.5,28,350 m from centre,Gokarna,2025-07-01,2025-07-07,Gokarna,https://www.booking.com/hotel/in/shree-katyayani-residency-gokarna.en-gb.html?label=gokarna-in-VKOvbFwRZ45xs24a_OdV2QS392822631354%3Apl%3Ata%3Ap110%3Ap2300%2C000%3Aac%3Aap%3Aneg%3Afi%3Atikwd-6666149201%3Alp9181766%3Ali%3Adec%3Adm%3Appccp%3DUmFuZG9tSVYkc2RlIyh9YZVcNNsENnH02-pWD53qm9c&aid=306395&ucfs=1&arphpl=1&checkin=2025-07-01&checkout=2025-07-07&dest_id=900051864&dest_type=city&group_adults=2&req_adults=2&no_rooms=1&group_children=1&req_children=1&age=0&req_age=0&hpos=1&hapos=1&sr_order=popularity&srpvid=b72a5a11d23521f9&srepoch=1750078172&all_sr_blocks=1138181701_403828212_0_0_0&highlighted_blocks=1138181701_403828212_0_0_0&matching_block_id=1138181701_403828212_0_0_0&sr_pri_blocks=1138181701_403828212_0_0_0__900000&from=searchresults
Bele Beach Front Inn,Deluxe Double Room (2 Adults + 1 Child),Free cancellation,No prepayment needed,1 extra-large double bed,"₹ 11,000",9.0,15,5.1 km from centre,Gokarna,2025-07-01,2025-07-07,Gokarna,https://www.booking.com/hotel/in/bele-beach-front-inn.en-gb.html?label=gokarna-in-VKOvbFwRZ45xs24a_OdV2QS392822631354%3Apl%3Ata%3Ap110%3Ap2300%2C000%3Aac%3Aap%3Aneg%3Afi%3Atikwd-6666149201%3Alp9181766%3Ali%3Adec%3Adm%3Appccp%3DUmFuZG9tSVYkc2RlIyh9YZVcNNsENnH02-pWD53qm9c&aid=306395&ucfs=1&arphpl=1&checkin=2025-07-01&checkout=2025-07-07&dest_id=900051864&dest_type=city&group_adults=2&req_adults=2&no_rooms=1&group_children=1&req_children=1&age=0&req_age=0&hpos=2&hapos=2&sr_order=popularity&srpvid=b72a5a11d23521f9&srepoch=1750078172&all_sr_blocks=1335211201_407767158_2_42_0_761979&highlighted_blocks=1335211201_407767158_2_42_0_761979&matching_block_id=1335211201_407767158_2_42_0_761979&sr_pri_blocks=1335211201_407767158_2_42_0_761979_1100000&from=searchresults
Samrudhii Resort,Double Room with Pool View,Free cancellation,No prepayment needed,1 extra-large double bed,"₹ 24,000",6.6,29,1.4 km from centre,Gokarna,2025-07-01,2025-07-07,Gokarna,https://www.booking.com/hotel/in/samrudhii-resort-gokarna.en-gb.html?label=gokarna-in-VKOvbFwRZ45xs24a_OdV2QS392822631354%3Apl%3Ata%3Ap110%3Ap2300%2C000%3Aac%3Aap%3Aneg%3Afi%3Atikwd-6666149201%3Alp9181766%3Ali%3Adec%3Adm%3Appccp%3DUmFuZG9tSVYkc2RlIyh9YZVcNNsENnH02-pWD53qm9c&aid=306395&ucfs=1&arphpl=1&checkin=2025-07-01&checkout=2025-07-07&dest_id=900051864&dest_type=city&group_adults=2&req_adults=2&no_rooms=1&group_children=1&req_children=1&age=0&req_age=0&hpos=3&hapos=3&sr_order=popularity&srpvid=b72a5a11d23521f9&srepoch=1750078172&all_sr_blocks=1351136204_408300366_2_42_0&highlighted_blocks=1351136204_408300366_2_42_0&matching_block_id=1351136204_408300366_2_42_0&sr_pri_blocks=1351136204_408300366_2_42_0__2400000&from=searchresults
Sea King Beach Stay,Quadruple Room,Free cancellation,No prepayment needed,2 double beds,"₹ 10,800",8.8,5,2.9 km from centre,Gokarna,2025-07-01,2025-07-07,Gokarna,https://www.booking.com/hotel/in/sea-king-beach-stay.en-gb.html?label=gokarna-in-VKOvbFwRZ45xs24a_OdV2QS392822631354%3Apl%3Ata%3Ap110%3Ap2300%2C000%3Aac%3Aap%3Aneg%3Afi%3Atikwd-6666149201%3Alp9181766%3Ali%3Adec%3Adm%3Appccp%3DUmFuZG9tSVYkc2RlIyh9YZVcNNsENnH02-pWD53qm9c&aid=306395&ucfs=1&arphpl=1&checkin=2025-07-01&checkout=2025-07-07&dest_id=900051864&dest_type=city&group_adults=2&req_adults=2&no_rooms=1&group_children=1&req_children=1&age=0&req_age=0&hpos=4&hapos=4&sr_order=popularity&srpvid=b72a5a11d23521f9&srepoch=1750078172&all_sr_blocks=1382839502_410355441_3_0_0&highlighted_blocks=1382839502_410355441_3_0_0&matching_block_id=1382839502_410355441_3_0_0&sr_pri_blocks=1382839502_410355441_3_0_0__1080000&from=searchresults
Homestay Nandana 2nd floor,One-Bedroom House,Free cancellation,No prepayment needed,"Entire holiday home • 1 bedroom • 1 bathroom • 11m²2 beds (1 extra-large double, 1 futon)","₹ 6,900",9.0,2,1.1 km from centre,Gokarna,2025-07-01,2025-07-07,Gokarna,https://www.booking.com/hotel/in/homestay-nandana-2nd-floor-gokarna.en-gb.html?label=gokarna-in-VKOvbFwRZ45xs24a_OdV2QS392822631354%3Apl%3Ata%3Ap110%3Ap2300%2C000%3Aac%3Aap%3Aneg%3Afi%3Atikwd-6666149201%3Alp9181766%3Ali%3Adec%3Adm%3Appccp%3DUmFuZG9tSVYkc2RlIyh9YZVcNNsENnH02-pWD53qm9c&aid=306395&ucfs=1&arphpl=1&checkin=2025-07-01&checkout=2025-07-07&dest_id=900051864&dest_type=city&group_adults=2&req_adults=2&no_rooms=1&group_children=1&req_children=1&age=0&req_age=0&hpos=5&hapos=5&sr_order=popularity&srpvid=b72a5a11d23521f9&srepoch=1750078172&all_sr_blocks=1410473501_412801574_3_0_0&highlighted_blocks=1410473501_412801574_3_0_0&matching_block_id=1410473501_412801574_3_0_0&sr_pri_blocks=1410473501_412801574_3_0_0__690000&from=searchresults
Gangotri Cafe and Rooms,Family Double Room,Free cancellation,No prepayment needed,1 large double bed,"₹ 8,394",7.8,5,1.8 km from centre,Gokarna,2025-07-01,2025-07-07,Gokarna,https://www.booking.com/hotel/in/gangotri-cafe-and-rooms.en-gb.html?label=gokarna-in-VKOvbFwRZ45xs24a_OdV2QS392822631354%3Apl%3Ata%3Ap110%3Ap2300%2C000%3Aac%3Aap%3Aneg%3Afi%3Atikwd-6666149201%3Alp9181766%3Ali%3Adec%3Adm%3Appccp%3DUmFuZG9tSVYkc2RlIyh9YZVcNNsENnH02-pWD53qm9c&aid=306395&ucfs=1&arphpl=1&checkin=2025-07-01&checkout=2025-07-07&dest_id=900051864&dest_type=city&group_adults=2&req_adults=2&no_rooms=1&group_children=1&req_children=1&age=0&req_age=0&hpos=6&hapos=6&sr_order=popularity&srpvid=b72a5a11d23521f9&srepoch=1750078172&all_sr_blocks=1219594802_394122637_3_0_0&highlighted_blocks=1219594802_394122637_3_0_0&matching_block_id=1219594802_394122637_3_0_0&sr_pri_blocks=1219594802_394122637_3_0_0__839400&from=searchresults
Golden Gate,Double Room,Free cancellation,No prepayment needed,2 large double beds,"₹ 14,280",7.3,8,3 km from centre,Gokarna,2025-07-01,2025-07-07,Gokarna,https://www.booking.com/hotel/in/golden-gate-gokarna.en-gb.html?label=gokarna-in-VKOvbFwRZ45xs24a_OdV2QS392822631354%3Apl%3Ata%3Ap110%3Ap2300%2C000%3Aac%3Aap%3Aneg%3Afi%3Atikwd-6666149201%3Alp9181766%3Ali%3Adec%3Adm%3Appccp%3DUmFuZG9tSVYkc2RlIyh9YZVcNNsENnH02-pWD53qm9c&aid=306395&ucfs=1&arphpl=1&checkin=2025-07-01&checkout=2025-07-07&dest_id=900051864&dest_type=city&group_adults=2&req_adults=2&no_rooms=1&group_children=1&req_children=1&age=0&req_age=0&hpos=7&hapos=7&sr_order=popularity&srpvid=b72a5a11d23521f9&srepoch=1750078172&all_sr_blocks=1342871801_406671084_3_0_0&highlighted_blocks=1342871801_406671084_3_0_0&matching_block_id=1342871801_406671084_3_0_0&sr_pri_blocks=1342871801_406671084_3_0_0__1428000&from=searchresults
Coastal Charm Homestay,Quadruple Room,,,2 double beds,"₹ 9,720",7.3,20,3 km from centre,Gokarna,2025-07-01,2025-07-07,Gokarna,https://www.booking.com/hotel/in/gokarna-beach-cottages.en-gb.html?label=gokarna-in-VKOvbFwRZ45xs24a_OdV2QS392822631354%3Apl%3Ata%3Ap110%3Ap2300%2C000%3Aac%3Aap%3Aneg%3Afi%3Atikwd-6666149201%3Alp9181766%3Ali%3Adec%3Adm%3Appccp%3DUmFuZG9tSVYkc2RlIyh9YZVcNNsENnH02-pWD53qm9c&aid=306395&ucfs=1&arphpl=1&checkin=2025-07-01&checkout=2025-07-07&dest_id=900051864&dest_type=city&group_adults=2&req_adults=2&no_rooms=1&group_children=1&req_children=1&age=0&req_age=0&hpos=8&hapos=8&sr_order=popularity&srpvid=b72a5a11d23521f9&srepoch=1750078172&all_sr_blocks=1269392301_399679588_3_0_0&highlighted_blocks=1269392301_399679588_3_0_0&matching_block_id=1269392301_399679588_3_0_0&sr_pri_blocks=1269392301_399679588_3_0_0__972000&from=searchresults
Navni Beach View Stay,Deluxe Double Room,No prepayment needed,,Beds: 1 double or 2 singles,"₹ 8,594",8.4,9,4.2 km from centre,Gokarna,2025-07-01,2025-07-07,Gokarna,https://www.booking.com/hotel/in/navni-beach-view-stay.en-gb.html?label=gokarna-in-VKOvbFwRZ45xs24a_OdV2QS392822631354%3Apl%3Ata%3Ap110%3Ap2300%2C000%3Aac%3Aap%3Aneg%3Afi%3Atikwd-6666149201%3Alp9181766%3Ali%3Adec%3Adm%3Appccp%3DUmFuZG9tSVYkc2RlIyh9YZVcNNsENnH02-pWD53qm9c&aid=306395&ucfs=1&arphpl=1&checkin=2025-07-01&checkout=2025-07-07&dest_id=900051864&dest_type=city&group_adults=2&req_adults=2&no_rooms=1&group_children=1&req_children=1&age=0&req_age=0&hpos=9&hapos=9&sr_order=popularity&srpvid=b72a5a11d23521f9&srepoch=1750078172&all_sr_blocks=1283183402_401243985_2_0_0_643119&highlighted_blocks=1283183402_401243985_2_0_0_643119&matching_block_id=1283183402_401243985_2_0_0_643119&sr_pri_blocks=1283183402_401243985_2_0_0_643119_859400&from=searchresults
Dolphin beach stay,One-Bedroom House,Free cancellation,No prepayment needed,Entire holiday home • 1 bedroom • 1 bathroom • 14m²1 double bed,"₹ 11,250",10,2,2.9 km from centre,Gokarna,2025-07-01,2025-07-07,Gokarna,https://www.booking.com/hotel/in/dolphin-beach-stay-gokarna1.en-gb.html?label=gokarna-in-VKOvbFwRZ45xs24a_OdV2QS392822631354%3Apl%3Ata%3Ap110%3Ap2300%2C000%3Aac%3Aap%3Aneg%3Afi%3Atikwd-6666149201%3Alp9181766%3Ali%3Adec%3Adm%3Appccp%3DUmFuZG9tSVYkc2RlIyh9YZVcNNsENnH02-pWD53qm9c&aid=306395&ucfs=1&arphpl=1&checkin=2025-07-01&checkout=2025-07-07&dest_id=900051864&dest_type=city&group_adults=2&req_adults=2&no_rooms=1&group_children=1&req_children=1&age=0&req_age=0&hpos=10&hapos=10&sr_order=popularity&srpvid=b72a5a11d23521f9&srepoch=1750078172&all_sr_blocks=1335186501_405990438_3_0_0&highlighted_blocks=1335186501_405990438_3_0_0&matching_block_id=1335186501_405990438_3_0_0&sr_pri_blocks=1335186501_405990438_3_0_0__1125000&from=searchresults
Palm Breeze Gokarna,Double Room with Balcony,Free cancellation,No prepayment needed,1 double bed,"₹ 6,418",9.5,4,2.1 km from centre,Gokarna,2025-07-01,2025-07-07,Gokarna,https://www.booking.com/hotel/in/palm-breeze-gokarna.en-gb.html?label=gokarna-in-VKOvbFwRZ45xs24a_OdV2QS392822631354%3Apl%3Ata%3Ap110%3Ap2300%2C000%3Aac%3Aap%3Aneg%3Afi%3Atikwd-6666149201%3Alp9181766%3Ali%3Adec%3Adm%3Appccp%3DUmFuZG9tSVYkc2RlIyh9YZVcNNsENnH02-pWD53qm9c&aid=306395&ucfs=1&arphpl=1&checkin=2025-07-01&checkout=2025-07-07&dest_id=900051864&dest_type=city&group_adults=2&req_adults=2&no_rooms=1&group_children=1&req_children=1&age=0&req_age=0&hpos=11&hapos=11&sr_order=popularity&srpvid=b72a5a11d23521f9&srepoch=1750078172&all_sr_blocks=1377820001_409904118_2_0_0&highlighted_blocks=1377820001_409904118_2_0_0&matching_block_id=1377820001_409904118_2_0_0&sr_pri_blocks=1377820001_409904118_2_0_0__641750&from=searchresults
Mangrove Ecostay,Deluxe Double Room with Extra Bed,Free cancellation,,"5 beds (1 double, 4 sofa beds)","₹ 10,800",9.2,22,6.7 km from centre,Gokarna,2025-07-01,2025-07-07,Gokarna,https://www.booking.com/hotel/in/mangrove-ecostay-gokarna.en-gb.html?label=gokarna-in-VKOvbFwRZ45xs24a_OdV2QS392822631354%3Apl%3Ata%3Ap110%3Ap2300%2C000%3Aac%3Aap%3Aneg%3Afi%3Atikwd-6666149201%3Alp9181766%3Ali%3Adec%3Adm%3Appccp%3DUmFuZG9tSVYkc2RlIyh9YZVcNNsENnH02-pWD53qm9c&aid=306395&ucfs=1&arphpl=1&checkin=2025-07-01&checkout=2025-07-07&dest_id=900051864&dest_type=city&group_adults=2&req_adults=2&no_rooms=1&group_children=1&req_children=1&age=0&req_age=0&hpos=12&hapos=12&sr_order=popularity&srpvid=b72a5a11d23521f9&srepoch=1750078172&all_sr_blocks=1319232801_404714466_2_0_0_908442&highlighted_blocks=1319232801_404714466_2_0_0_908442&matching_block_id=1319232801_404714466_2_0_0_908442&sr_pri_blocks=1319232801_404714466_2_0_0_908442_1080000&from=searchresults
Gokarna Holiday Homestay,Classic Quadruple Room,Free cancellation,No prepayment needed,2 large double beds,"₹ 8,400",9.0,2,3.2 km from centre,Gokarna,2025-07-01,2025-07-07,Gokarna,https://www.booking.com/hotel/in/gokarna-living.en-gb.html?label=gokarna-in-VKOvbFwRZ45xs24a_OdV2QS392822631354%3Apl%3Ata%3Ap110%3Ap2300%2C000%3Aac%3Aap%3Aneg%3Afi%3Atikwd-6666149201%3Alp9181766%3Ali%3Adec%3Adm%3Appccp%3DUmFuZG9tSVYkc2RlIyh9YZVcNNsENnH02-pWD53qm9c&aid=306395&ucfs=1&arphpl=1&checkin=2025-07-01&checkout=2025-07-07&dest_id=900051864&dest_type=city&group_adults=2&req_adults=2&no_rooms=1&group_children=1&req_children=1&age=0&req_age=0&hpos=13&hapos=13&sr_order=popularity&srpvid=b72a5a11d23521f9&srepoch=1750078172&all_sr_blocks=1338713102_406308591_3_2_0&highlighted_blocks=1338713102_406308591_3_2_0&matching_block_id=1338713102_406308591_3_2_0&sr_pri_blocks=1338713102_406308591_3_2_0__840000&from=searchresults
Water Vibes Gokarna,Budget Triple Room,Free cancellation,No prepayment needed,"2 beds (1 single, 1 sofa bed)","₹ 5,400",-1,-1,6 km from centre,Gokarna,2025-07-01,2025-07-07,Gokarna,https://www.booking.com/hotel/in/water-vibes-gokarna.en-gb.html?label=gokarna-in-VKOvbFwRZ45xs24a_OdV2QS392822631354%3Apl%3Ata%3Ap110%3Ap2300%2C000%3Aac%3Aap%3Aneg%3Afi%3Atikwd-6666149201%3Alp9181766%3Ali%3Adec%3Adm%3Appccp%3DUmFuZG9tSVYkc2RlIyh9YZVcNNsENnH02-pWD53qm9c&aid=306395&ucfs=1&arphpl=1&checkin=2025-07-01&checkout=2025-07-07&dest_id=900051864&dest_type=city&group_adults=2&req_adults=2&no_rooms=1&group_children=1&req_children=1&age=0&req_age=0&hpos=14&hapos=14&sr_order=popularity&srpvid=b72a5a11d23521f9&srepoch=1750078172&all_sr_blocks=1394790003_411391601_3_2_0&highlighted_blocks=1394790003_411391601_3_2_0&matching_block_id=1394790003_411391601_3_2_0&sr_pri_blocks=1394790003_411391601_3_2_0__540000&from=searchresults
Shri Virajita - Budget AC twin bed- room,Budget Double or Twin Room,Free cancellation,No prepayment needed,2 large double beds,"₹ 8,100",10,1,1.6 km from centre,Gokarna,2025-07-01,2025-07-07,Gokarna,https://www.booking.com/hotel/in/shri-virajita-home-stay.en-gb.html?label=gokarna-in-VKOvbFwRZ45xs24a_OdV2QS392822631354%3Apl%3Ata%3Ap110%3Ap2300%2C000%3Aac%3Aap%3Aneg%3Afi%3Atikwd-6666149201%3Alp9181766%3Ali%3Adec%3Adm%3Appccp%3DUmFuZG9tSVYkc2RlIyh9YZVcNNsENnH02-pWD53qm9c&aid=306395&ucfs=1&arphpl=1&checkin=2025-07-01&checkout=2025-07-07&dest_id=900051864&dest_type=city&group_adults=2&req_adults=2&no_rooms=1&group_children=1&req_children=1&age=0&req_age=0&hpos=15&hapos=15&sr_order=popularity&srpvid=b72a5a11d23521f9&srepoch=1750078172&all_sr_blocks=1428666801_414451010_3_0_0&highlighted_blocks=1428666801_414451010_3_0_0&matching_block_id=1428666801_414451010_3_0_0&sr_pri_blocks=1428666801_414451010_3_0_0__810000&from=searchresults
Coastal Republica,Deluxe Family Room,Free cancellation,,"2 beds (1 extra-large double, 1 sofa bed)","₹ 24,030",8.2,94,3.3 km from centre,Gokarna,2025-07-01,2025-07-07,Gokarna,https://www.booking.com/hotel/in/coastal-republica.en-gb.html?label=gokarna-in-VKOvbFwRZ45xs24a_OdV2QS392822631354%3Apl%3Ata%3Ap110%3Ap2300%2C000%3Aac%3Aap%3Aneg%3Afi%3Atikwd-6666149201%3Alp9181766%3Ali%3Adec%3Adm%3Appccp%3DUmFuZG9tSVYkc2RlIyh9YZVcNNsENnH02-pWD53qm9c&aid=306395&ucfs=1&arphpl=1&checkin=2025-07-01&checkout=2025-07-07&dest_id=900051864&dest_type=city&group_adults=2&req_adults=2&no_rooms=1&group_children=1&req_children=1&age=0&req_age=0&hpos=16&hapos=16&sr_order=popularity&srpvid=b72a5a11d23521f9&srepoch=1750078172&all_sr_blocks=1022214903_376078932_3_0_0&highlighted_blocks=1022214903_376078932_3_0_0&matching_block_id=1022214903_376078932_3_0_0&sr_pri_blocks=1022214903_376078932_3_0_0__2403000&from=searchresults
Namaste Yoga Farm,Sky Cottage ,,,Entire bungalow • 2 bedrooms • 1 bathroom • 36m²2 large double beds,"₹ 27,000",8.6,258,1.2 km from centre,Gokarna,2025-07-01,2025-07-07,Gokarna,https://www.booking.com/hotel/in/namaste-yoga-farm.en-gb.html?label=gokarna-in-VKOvbFwRZ45xs24a_OdV2QS392822631354%3Apl%3Ata%3Ap110%3Ap2300%2C000%3Aac%3Aap%3Aneg%3Afi%3Atikwd-6666149201%3Alp9181766%3Ali%3Adec%3Adm%3Appccp%3DUmFuZG9tSVYkc2RlIyh9YZVcNNsENnH02-pWD53qm9c&aid=306395&ucfs=1&arphpl=1&checkin=2025-07-01&checkout=2025-07-07&dest_id=900051864&dest_type=city&group_adults=2&req_adults=2&no_rooms=1&group_children=1&req_children=1&age=0&req_age=0&hpos=17&hapos=17&sr_order=popularity&srpvid=b72a5a11d23521f9&srepoch=1750078172&all_sr_blocks=79454309_406134102_0_2_0_760643&highlighted_blocks=79454309_406134102_0_2_0_760643&matching_block_id=79454309_406134102_0_2_0_760643&sr_pri_blocks=79454309_406134102_0_2_0_760643_2700000&from=searchresults
Hotel Golden Heights Gokarna,Suite Room,Free cancellation,No prepayment needed,"Private suite • 1 bedroom • 1 living room • 1 bathroom • 39m²2 beds (1 double, 1 extra-large double)","₹ 16,200",7.7,27,1.1 km from centre,Gokarna,2025-07-01,2025-07-07,Gokarna,https://www.booking.com/hotel/in/golden-heights-gokarna.en-gb.html?label=gokarna-in-VKOvbFwRZ45xs24a_OdV2QS392822631354%3Apl%3Ata%3Ap110%3Ap2300%2C000%3Aac%3Aap%3Aneg%3Afi%3Atikwd-6666149201%3Alp9181766%3Ali%3Adec%3Adm%3Appccp%3DUmFuZG9tSVYkc2RlIyh9YZVcNNsENnH02-pWD53qm9c&aid=306395&ucfs=1&arphpl=1&checkin=2025-07-01&checkout=2025-07-07&dest_id=900051864&dest_type=city&group_adults=2&req_adults=2&no_rooms=1&group_children=1&req_children=1&age=0&req_age=0&hpos=18&hapos=18&sr_order=popularity&srpvid=b72a5a11d23521f9&srepoch=1750078172&all_sr_blocks=996422302_377110361_3_42_0&highlighted_blocks=996422302_377110361_3_42_0&matching_block_id=996422302_377110361_3_42_0&sr_pri_blocks=996422302_377110361_3_42_0__1620000&from=searchresults
Aisiri Rooms,Double Room with Private Bathroom,Free cancellation,No prepayment needed,4 large double beds,"₹ 9,000",-1,-1,250 m from centre,Gokarna,2025-07-01,2025-07-07,Gokarna,https://www.booking.com/hotel/in/aisiri-rooms.en-gb.html?label=gokarna-in-VKOvbFwRZ45xs24a_OdV2QS392822631354%3Apl%3Ata%3Ap110%3Ap2300%2C000%3Aac%3Aap%3Aneg%3Afi%3Atikwd-6666149201%3Alp9181766%3Ali%3Adec%3Adm%3Appccp%3DUmFuZG9tSVYkc2RlIyh9YZVcNNsENnH02-pWD53qm9c&aid=306395&ucfs=1&arphpl=1&checkin=2025-07-01&checkout=2025-07-07&dest_id=900051864&dest_type=city&group_adults=2&req_adults=2&no_rooms=1&group_children=1&req_children=1&age=0&req_age=0&hpos=19&hapos=19&sr_order=popularity&srpvid=b72a5a11d23521f9&srepoch=1750078172&all_sr_blocks=1378086901_409930942_4_0_0&highlighted_blocks=1378086901_409930942_4_0_0&matching_block_id=1378086901_409930942_4_0_0&sr_pri_blocks=1378086901_409930942_4_0_0__900000&from=searchresults
Pleasant stay cottages,Standard King Room,Free cancellation,No prepayment needed,Multiple bed types,"₹ 6,540",5.8,11,2.5 km from centre,Gokarna,2025-07-01,2025-07-07,Gokarna,https://www.booking.com/hotel/in/mid-beach-cottage-stay.en-gb.html?label=gokarna-in-VKOvbFwRZ45xs24a_OdV2QS392822631354%3Apl%3Ata%3Ap110%3Ap2300%2C000%3Aac%3Aap%3Aneg%3Afi%3Atikwd-6666149201%3Alp9181766%3Ali%3Adec%3Adm%3Appccp%3DUmFuZG9tSVYkc2RlIyh9YZVcNNsENnH02-pWD53qm9c&aid=306395&ucfs=1&arphpl=1&checkin=2025-07-01&checkout=2025-07-07&dest_id=900051864&dest_type=city&group_adults=2&req_adults=2&no_rooms=1&group_children=1&req_children=1&age=0&req_age=0&hpos=20&hapos=20&sr_order=popularity&srpvid=b72a5a11d23521f9&srepoch=1750078172&all_sr_blocks=1285265003_401458281_3_0_0&highlighted_blocks=1285265003_401458281_3_0_0&matching_block_id=1285265003_401458281_3_0_0&sr_pri_blocks=1285265003_401458281_3_0_0__654000&from=searchresults
Arthigamya Spa & Resort,Family Room,,,2 large double beds,"₹ 39,600",6.9,80,1.7 km from centre,Gokarna,2025-07-01,2025-07-07,Gokarna,https://www.booking.com/hotel/in/arthigamya-spa-amp-resort-gokarna.en-gb.html?label=gokarna-in-VKOvbFwRZ45xs24a_OdV2QS392822631354%3Apl%3Ata%3Ap110%3Ap2300%2C000%3Aac%3Aap%3Aneg%3Afi%3Atikwd-6666149201%3Alp9181766%3Ali%3Adec%3Adm%3Appccp%3DUmFuZG9tSVYkc2RlIyh9YZVcNNsENnH02-pWD53qm9c&aid=306395&ucfs=1&arphpl=1&checkin=2025-07-01&checkout=2025-07-07&dest_id=900051864&dest_type=city&group_adults=2&req_adults=2&no_rooms=1&group_children=1&req_children=1&age=0&req_age=0&hpos=21&hapos=21&sr_order=popularity&srpvid=b72a5a11d23521f9&srepoch=1750078172&all_sr_blocks=656264603_357002597_3_0_0&highlighted_blocks=656264603_357002597_3_0_0&matching_block_id=656264603_357002597_3_0_0&sr_pri_blocks=656264603_357002597_3_0_0__3960000&from=searchresults
Mudravilla Gokarna,Deluxe Villa,Free cancellation,No prepayment needed,"Entire villa • 2 bedrooms • 1 living room • 1 bathroom • 74m²3 beds (1 large double, 2 futons)","₹ 54,450",9.5,11,3.6 km from centre,Gokarna,2025-07-01,2025-07-07,Gokarna,https://www.booking.com/hotel/in/mudravilla-gokarna2.en-gb.html?label=gokarna-in-VKOvbFwRZ45xs24a_OdV2QS392822631354%3Apl%3Ata%3Ap110%3Ap2300%2C000%3Aac%3Aap%3Aneg%3Afi%3Atikwd-6666149201%3Alp9181766%3Ali%3Adec%3Adm%3Appccp%3DUmFuZG9tSVYkc2RlIyh9YZVcNNsENnH02-pWD53qm9c&aid=306395&ucfs=1&arphpl=1&checkin=2025-07-01&checkout=2025-07-07&dest_id=900051864&dest_type=city&group_adults=2&req_adults=2&no_rooms=1&group_children=1&req_children=1&age=0&req_age=0&hpos=22&hapos=22&sr_order=popularity&srpvid=b72a5a11d23521f9&srepoch=1750078172&all_sr_blocks=1246522201_414405737_3_42_0_642636&highlighted_blocks=1246522201_414405737_3_42_0_642636&matching_block_id=1246522201_414405737_3_42_0_642636&sr_pri_blocks=1246522201_414405737_3_42_0_642636_5445000&from=searchresults
Inti Guest House,Double Room with Garden View,Free cancellation,No prepayment needed,"3 beds (1 double, 2 extra-large doubles)","₹ 8,670",7.5,4,0.9 km from centre,Gokarna,2025-07-01,2025-07-07,Gokarna,https://www.booking.com/hotel/in/inti-guest-house.en-gb.html?label=gokarna-in-VKOvbFwRZ45xs24a_OdV2QS392822631354%3Apl%3Ata%3Ap110%3Ap2300%2C000%3Aac%3Aap%3Aneg%3Afi%3Atikwd-6666149201%3Alp9181766%3Ali%3Adec%3Adm%3Appccp%3DUmFuZG9tSVYkc2RlIyh9YZVcNNsENnH02-pWD53qm9c&aid=306395&ucfs=1&arphpl=1&checkin=2025-07-01&checkout=2025-07-07&dest_id=900051864&dest_type=city&group_adults=2&req_adults=2&no_rooms=1&group_children=1&req_children=1&age=0&req_age=0&hpos=23&hapos=23&sr_order=popularity&srpvid=b72a5a11d23521f9&srepoch=1750078172&all_sr_blocks=1359930501_408303202_3_0_0&highlighted_blocks=1359930501_408303202_3_0_0&matching_block_id=1359930501_408303202_3_0_0&sr_pri_blocks=1359930501_408303202_3_0_0__867000&from=searchresults
Kahani Paradise,Junior Suite with Ocean View,,,Private suite1 extra-large double bed,"₹ 139,320",8.5,30,3.4 km from centre,Gokarna,2025-07-01,2025-07-07,Gokarna,https://www.booking.com/hotel/in/kahani-paradise.en-gb.html?label=gokarna-in-VKOvbFwRZ45xs24a_OdV2QS392822631354%3Apl%3Ata%3Ap110%3Ap2300%2C000%3Aac%3Aap%3Aneg%3Afi%3Atikwd-6666149201%3Alp9181766%3Ali%3Adec%3Adm%3Appccp%3DUmFuZG9tSVYkc2RlIyh9YZVcNNsENnH02-pWD53qm9c&aid=306395&ucfs=1&arphpl=1&checkin=2025-07-01&checkout=2025-07-07&dest_id=900051864&dest_type=city&group_adults=2&req_adults=2&no_rooms=1&group_children=1&req_children=1&age=0&req_age=0&hpos=24&hapos=24&sr_order=popularity&srpvid=b72a5a11d23521f9&srepoch=1750078172&all_sr_blocks=303495401_401319990_2_1_0&highlighted_blocks=303495401_401319990_2_1_0&matching_block_id=303495401_401319990_2_1_0&sr_pri_blocks=303495401_401319990_2_1_0__13932000&from=searchresults
Surya cafe and stay sea view,Quadruple Room,Free cancellation,No prepayment needed,"2 beds (1 bunk bed, 1 large double)","₹ 24,000",7.6,32,1.2 km from centre,Gokarna,2025-07-01,2025-07-07,Gokarna,https://www.booking.com/hotel/in/surya-cafe-and-stay-sea-view.en-gb.html?label=gokarna-in-VKOvbFwRZ45xs24a_OdV2QS392822631354%3Apl%3Ata%3Ap110%3Ap2300%2C000%3Aac%3Aap%3Aneg%3Afi%3Atikwd-6666149201%3Alp9181766%3Ali%3Adec%3Adm%3Appccp%3DUmFuZG9tSVYkc2RlIyh9YZVcNNsENnH02-pWD53qm9c&aid=306395&ucfs=1&arphpl=1&checkin=2025-07-01&checkout=2025-07-07&dest_id=900051864&dest_type=city&group_adults=2&req_adults=2&no_rooms=1&group_children=1&req_children=1&age=0&req_age=0&hpos=25&hapos=25&sr_order=popularity&srpvid=b72a5a11d23521f9&srepoch=1750078172&all_sr_blocks=1076114616_380200707_5_0_0&highlighted_blocks=1076114616_380200707_5_0_0&matching_block_id=1076114616_380200707_5_0_0&sr_pri_blocks=1076114616_380200707_5_0_0__2400000&from=searchresults
"Surya Homestay, Gokarna",Deluxe Triple Room,Free cancellation,No prepayment needed,"2 beds (1 single, 1 double)","₹ 12,000",8.0,1,1.3 km from centre,Gokarna,2025-07-01,2025-07-07,Gokarna,https://www.booking.com/hotel/in/surya-homestay-gokarna.en-gb.html?label=gokarna-in-VKOvbFwRZ45xs24a_OdV2QS392822631354%3Apl%3Ata%3Ap110%3Ap2300%2C000%3Aac%3Aap%3Aneg%3Afi%3Atikwd-6666149201%3Alp9181766%3Ali%3Adec%3Adm%3Appccp%3DUmFuZG9tSVYkc2RlIyh9YZVcNNsENnH02-pWD53qm9c&aid=306395&ucfs=1&arphpl=1&checkin=2025-07-01&checkout=2025-07-07&dest_id=900051864&dest_type=city&group_adults=2&req_adults=2&no_rooms=1&group_children=1&req_children=1&age=0&req_age=0&hpos=1&hapos=26&sr_order=popularity&srpvid=b72a5a11d23521f9&srepoch=1750078118&all_sr_blocks=1391414702_411113557_3_0_0&highlighted_blocks=1391414702_411113557_3_0_0&matching_block_id=1391414702_411113557_3_0_0&sr_pri_blocks=1391414702_411113557_3_0_0__1200000&from=searchresults
Shri Virajita - 1 Bhk AC Room,Family Room,Free cancellation,No prepayment needed,"2 beds (1 double, 1 large double)","₹ 13,500",10,1,1.6 km from centre,Gokarna,2025-07-01,2025-07-07,Gokarna,https://www.booking.com/hotel/in/shri-virajita.en-gb.html?label=gokarna-in-VKOvbFwRZ45xs24a_OdV2QS392822631354%3Apl%3Ata%3Ap110%3Ap2300%2C000%3Aac%3Aap%3Aneg%3Afi%3Atikwd-6666149201%3Alp9181766%3Ali%3Adec%3Adm%3Appccp%3DUmFuZG9tSVYkc2RlIyh9YZVcNNsENnH02-pWD53qm9c&aid=306395&ucfs=1&arphpl=1&checkin=2025-07-01&checkout=2025-07-07&dest_id=900051864&dest_type=city&group_adults=2&req_adults=2&no_rooms=1&group_children=1&req_children=1&age=0&req_age=0&hpos=2&hapos=27&sr_order=popularity&srpvid=b72a5a11d23521f9&srepoch=1750078118&all_sr_blocks=1414749201_413187500_3_0_0&highlighted_blocks=1414749201_413187500_3_0_0&matching_block_id=1414749201_413187500_3_0_0&sr_pri_blocks=1414749201_413187500_3_0_0__1350000&from=searchresults
Nature Inn Cottages,Deluxe Family Room,Free cancellation,,3 double beds,"₹ 18,000",7.1,74,500 m from centre,Gokarna,2025-07-01,2025-07-07,Gokarna,https://www.booking.com/hotel/in/nature-inn-cottages-gokarna.en-gb.html?label=gokarna-in-VKOvbFwRZ45xs24a_OdV2QS392822631354%3Apl%3Ata%3Ap110%3Ap2300%2C000%3Aac%3Aap%3Aneg%3Afi%3Atikwd-6666149201%3Alp9181766%3Ali%3Adec%3Adm%3Appccp%3DUmFuZG9tSVYkc2RlIyh9YZVcNNsENnH02-pWD53qm9c&aid=306395&ucfs=1&arphpl=1&checkin=2025-07-01&checkout=2025-07-07&dest_id=900051864&dest_type=city&group_adults=2&req_adults=2&no_rooms=1&group_children=1&req_children=1&age=0&req_age=0&hpos=3&hapos=28&sr_order=popularity&srpvid=b72a5a11d23521f9&srepoch=1750078118&all_sr_blocks=837532704_383207407_6_0_0&highlighted_blocks=837532704_383207407_6_0_0&matching_block_id=837532704_383207407_6_0_0&sr_pri_blocks=837532704_383207407_6_0_0__1800000&from=searchresults
Silver Rooms,Double Room,,,1 double bed,"₹ 10,098",5.9,8,450 m from centre,Gokarna,2025-07-01,2025-07-07,Gokarna,https://www.booking.com/hotel/in/silver-rooms.en-gb.html?label=gokarna-in-VKOvbFwRZ45xs24a_OdV2QS392822631354%3Apl%3Ata%3Ap110%3Ap2300%2C000%3Aac%3Aap%3Aneg%3Afi%3Atikwd-6666149201%3Alp9181766%3Ali%3Adec%3Adm%3Appccp%3DUmFuZG9tSVYkc2RlIyh9YZVcNNsENnH02-pWD53qm9c&aid=306395&ucfs=1&arphpl=1&checkin=2025-07-01&checkout=2025-07-07&dest_id=900051864&dest_type=city&group_adults=2&req_adults=2&no_rooms=1&group_children=1&req_children=1&age=0&req_age=0&hpos=4&hapos=29&sr_order=popularity&srpvid=b72a5a11d23521f9&srepoch=1750078118&all_sr_blocks=1329618701_405509915_3_0_0&highlighted_blocks=1329618701_405509915_3_0_0&matching_block_id=1329618701_405509915_3_0_0&sr_pri_blocks=1329618701_405509915_3_0_0__1009800&from=searchresults
Hotel The Pearl Shine,Triple Room,Free cancellation,No prepayment needed,1 double bed,"₹ 21,000",4.0,1,0.7 km from centre,Gokarna,2025-07-01,2025-07-07,Gokarna,https://www.booking.com/hotel/in/the-pearl-shine.en-gb.html?label=gokarna-in-VKOvbFwRZ45xs24a_OdV2QS392822631354%3Apl%3Ata%3Ap110%3Ap2300%2C000%3Aac%3Aap%3Aneg%3Afi%3Atikwd-6666149201%3Alp9181766%3Ali%3Adec%3Adm%3Appccp%3DUmFuZG9tSVYkc2RlIyh9YZVcNNsENnH02-pWD53qm9c&aid=306395&ucfs=1&arphpl=1&checkin=2025-07-01&checkout=2025-07-07&dest_id=900051864&dest_type=city&group_adults=2&req_adults=2&no_rooms=1&group_children=1&req_children=1&age=0&req_age=0&hpos=5&hapos=30&sr_order=popularity&srpvid=b72a5a11d23521f9&srepoch=1750078118&all_sr_blocks=1401929703_412029614_3_0_0&highlighted_blocks=1401929703_412029614_3_0_0&matching_block_id=1401929703_412029614_3_0_0&sr_pri_blocks=1401929703_412029614_3_0_0__2100000&from=searchresults
Mahabala Guest house Gokarna,Family Room with Balcony,Free cancellation,No prepayment needed,"2 beds (1 single, 1 double)","₹ 7,650",3.3,3,0.5 km from centre,Gokarna,2025-07-01,2025-07-07,Gokarna,https://www.booking.com/hotel/in/mahabala-guest-house-gokarna.en-gb.html?label=gokarna-in-VKOvbFwRZ45xs24a_OdV2QS392822631354%3Apl%3Ata%3Ap110%3Ap2300%2C000%3Aac%3Aap%3Aneg%3Afi%3Atikwd-6666149201%3Alp9181766%3Ali%3Adec%3Adm%3Appccp%3DUmFuZG9tSVYkc2RlIyh9YZVcNNsENnH02-pWD53qm9c&aid=306395&ucfs=1&arphpl=1&checkin=2025-07-01&checkout=2025-07-07&dest_id=900051864&dest_type=city&group_adults=2&req_adults=2&no_rooms=1&group_children=1&req_children=1&age=0&req_age=0&hpos=6&hapos=31&sr_order=popularity&srpvid=b72a5a11d23521f9&srepoch=1750078118&all_sr_blocks=1374638701_409616714_3_0_0&highlighted_blocks=1374638701_409616714_3_0_0&matching_block_id=1374638701_409616714_3_0_0&sr_pri_blocks=1374638701_409616714_3_0_0__765000&from=searchresults
Gokarna Shantika stay,Double Room,Free cancellation,No prepayment needed,2 double beds,"₹ 6,793",-1,-1,450 m from centre,Gokarna,2025-07-01,2025-07-07,Gokarna,https://www.booking.com/hotel/in/gokarna-shantika-stay.en-gb.html?label=gokarna-in-VKOvbFwRZ45xs24a_OdV2QS392822631354%3Apl%3Ata%3Ap110%3Ap2300%2C000%3Aac%3Aap%3Aneg%3Afi%3Atikwd-6666149201%3Alp9181766%3Ali%3Adec%3Adm%3Appccp%3DUmFuZG9tSVYkc2RlIyh9YZVcNNsENnH02-pWD53qm9c&aid=306395&ucfs=1&arphpl=1&checkin=2025-07-01&checkout=2025-07-07&dest_id=900051864&dest_type=city&group_adults=2&req_adults=2&no_rooms=1&group_children=1&req_children=1&age=0&req_age=0&hpos=7&hapos=32&sr_order=popularity&srpvid=b72a5a11d23521f9&srepoch=1750078118&all_sr_blocks=1386444101_410653872_3_0_0&highlighted_blocks=1386444101_410653872_3_0_0&matching_block_id=1386444101_410653872_3_0_0&sr_pri_blocks=1386444101_410653872_3_0_0__679320&from=searchresults
Golden shack,Double Room,Free cancellation,No prepayment needed,2 large double beds,"₹ 15,295",7.0,1,3.1 km from centre,Gokarna,2025-07-01,2025-07-07,Gokarna,https://www.booking.com/hotel/in/golden-shack.en-gb.html?label=gokarna-in-VKOvbFwRZ45xs24a_OdV2QS392822631354%3Apl%3Ata%3Ap110%3Ap2300%2C000%3Aac%3Aap%3Aneg%3Afi%3Atikwd-6666149201%3Alp9181766%3Ali%3Adec%3Adm%3Appccp%3DUmFuZG9tSVYkc2RlIyh9YZVcNNsENnH02-pWD53qm9c&aid=306395&ucfs=1&arphpl=1&checkin=2025-07-01&checkout=2025-07-07&dest_id=900051864&dest_type=city&group_adults=2&req_adults=2&no_rooms=1&group_children=1&req_children=1&age=0&req_age=0&hpos=8&hapos=33&sr_order=popularity&srpvid=b72a5a11d23521f9&srepoch=1750078118&all_sr_blocks=1340962101_406503835_3_0_0&highlighted_blocks=1340962101_406503835_3_0_0&matching_block_id=1340962101_406503835_3_0_0&sr_pri_blocks=1340962101_406503835_3_0_0__1529490&from=searchresults
Nisarga Homestay and Beach Resort Gokarna,Deluxe Double Room with Side Sea View,,,"4 beds (2 doubles, 2 futons)","₹ 24,600",7.8,134,3.1 km from centre,Gokarna,2025-07-01,2025-07-07,Gokarna,https://www.booking.com/hotel/in/nisarga-homestay-gokarna.en-gb.html?label=gokarna-in-VKOvbFwRZ45xs24a_OdV2QS392822631354%3Apl%3Ata%3Ap110%3Ap2300%2C000%3Aac%3Aap%3Aneg%3Afi%3Atikwd-6666149201%3Alp9181766%3Ali%3Adec%3Adm%3Appccp%3DUmFuZG9tSVYkc2RlIyh9YZVcNNsENnH02-pWD53qm9c&aid=306395&ucfs=1&arphpl=1&checkin=2025-07-01&checkout=2025-07-07&dest_id=900051864&dest_type=city&group_adults=2&req_adults=2&no_rooms=1&group_children=1&req_children=1&age=0&req_age=0&hpos=9&hapos=34&sr_order=popularity&srpvid=b72a5a11d23521f9&srepoch=1750078118&all_sr_blocks=584018903_410023877_3_0_0&highlighted_blocks=584018903_410023877_3_0_0&matching_block_id=584018903_410023877_3_0_0&sr_pri_blocks=584018903_410023877_3_0_0__2460000&from=searchresults
StayVista at Vatika Nature Nest - Mirjan - Gokarna,One-Bedroom Villa,Free cancellation,,Entire villa • 1 bedroom • 1 bathroom • 116m²1 large double bed,"₹ 29,155",9.0,2,11.2 km from centre,Gokarna,2025-07-01,2025-07-07,Gokarna,https://www.booking.com/hotel/in/stayvista-at-vatika-nature-nest-gokarna.en-gb.html?label=gokarna-in-VKOvbFwRZ45xs24a_OdV2QS392822631354%3Apl%3Ata%3Ap110%3Ap2300%2C000%3Aac%3Aap%3Aneg%3Afi%3Atikwd-6666149201%3Alp9181766%3Ali%3Adec%3Adm%3Appccp%3DUmFuZG9tSVYkc2RlIyh9YZVcNNsENnH02-pWD53qm9c&aid=306395&ucfs=1&arphpl=1&checkin=2025-07-01&checkout=2025-07-07&dest_id=900051864&dest_type=city&group_adults=2&req_adults=2&no_rooms=1&group_children=1&req_children=1&age=0&req_age=0&hpos=10&hapos=35&sr_order=popularity&srpvid=b72a5a11d23521f9&srepoch=1750078118&all_sr_blocks=1292222505_402174670_2_0_0&highlighted_blocks=1292222505_402174670_2_0_0&matching_block_id=1292222505_402174670_2_0_0&sr_pri_blocks=1292222505_402174670_2_0_0__2915505&from=searchresults
Murkundeshwar Homestay,Double Room,Free cancellation,No prepayment needed,2 double beds,"₹ 9,666",5.0,3,2.8 km from centre,Gokarna,2025-07-01,2025-07-07,Gokarna,https://www.booking.com/hotel/in/murkundeshwar-homestay.en-gb.html?label=gokarna-in-VKOvbFwRZ45xs24a_OdV2QS392822631354%3Apl%3Ata%3Ap110%3Ap2300%2C000%3Aac%3Aap%3Aneg%3Afi%3Atikwd-6666149201%3Alp9181766%3Ali%3Adec%3Adm%3Appccp%3DUmFuZG9tSVYkc2RlIyh9YZVcNNsENnH02-pWD53qm9c&aid=306395&ucfs=1&arphpl=1&checkin=2025-07-01&checkout=2025-07-07&dest_id=900051864&dest_type=city&group_adults=2&req_adults=2&no_rooms=1&group_children=1&req_children=1&age=0&req_age=0&hpos=11&hapos=36&sr_order=popularity&srpvid=b72a5a11d23521f9&srepoch=1750078118&all_sr_blocks=1382108402_410280212_3_0_0&highlighted_blocks=1382108402_410280212_3_0_0&matching_block_id=1382108402_410280212_3_0_0&sr_pri_blocks=1382108402_410280212_3_0_0__966600&from=searchresults
Vibes and Tides Beach Resort by Enlightened Vagabond,Quadruple Room,,,2 double beds,"₹ 43,200",6.8,293,2.1 km from centre,Gokarna,2025-07-01,2025-07-07,Gokarna,https://www.booking.com/hotel/in/vibes-and-tides.en-gb.html?label=gokarna-in-VKOvbFwRZ45xs24a_OdV2QS392822631354%3Apl%3Ata%3Ap110%3Ap2300%2C000%3Aac%3Aap%3Aneg%3Afi%3Atikwd-6666149201%3Alp9181766%3Ali%3Adec%3Adm%3Appccp%3DUmFuZG9tSVYkc2RlIyh9YZVcNNsENnH02-pWD53qm9c&aid=306395&ucfs=1&arphpl=1&checkin=2025-07-01&checkout=2025-07-07&dest_id=900051864&dest_type=city&group_adults=2&req_adults=2&no_rooms=1&group_children=1&req_children=1&age=0&req_age=0&hpos=12&hapos=37&sr_order=popularity&srpvid=b72a5a11d23521f9&srepoch=1750078118&all_sr_blocks=920885407_363692087_4_0_0&highlighted_blocks=920885407_363692087_4_0_0&matching_block_id=920885407_363692087_4_0_0&sr_pri_blocks=920885407_363692087_4_0_0__4320000&from=searchresults
Lotus stay Gokarna,Double Room,Free cancellation,No prepayment needed,"5 beds (1 double, 4 futons)","₹ 10,800",6.3,3,1.4 km from centre,Gokarna,2025-07-01,2025-07-07,Gokarna,https://www.booking.com/hotel/in/lotus-stay-gokarna.en-gb.html?label=gokarna-in-VKOvbFwRZ45xs24a_OdV2QS392822631354%3Apl%3Ata%3Ap110%3Ap2300%2C000%3Aac%3Aap%3Aneg%3Afi%3Atikwd-6666149201%3Alp9181766%3Ali%3Adec%3Adm%3Appccp%3DUmFuZG9tSVYkc2RlIyh9YZVcNNsENnH02-pWD53qm9c&aid=306395&ucfs=1&arphpl=1&checkin=2025-07-01&checkout=2025-07-07&dest_id=900051864&dest_type=city&group_adults=2&req_adults=2&no_rooms=1&group_children=1&req_children=1&age=0&req_age=0&hpos=13&hapos=38&sr_order=popularity&srpvid=b72a5a11d23521f9&srepoch=1750078118&all_sr_blocks=1356624901_407990773_3_0_0&highlighted_blocks=1356624901_407990773_3_0_0&matching_block_id=1356624901_407990773_3_0_0&sr_pri_blocks=1356624901_407990773_3_0_0__1080000&from=searchresults
Kanasu guest house,Family Room,Free cancellation,No prepayment needed,1 double bed,"₹ 7,200",4.5,2,450 m from centre,Gokarna,2025-07-01,2025-07-07,Gokarna,https://www.booking.com/hotel/in/kanasu-guest-house.en-gb.html?label=gokarna-in-VKOvbFwRZ45xs24a_OdV2QS392822631354%3Apl%3Ata%3Ap110%3Ap2300%2C000%3Aac%3Aap%3Aneg%3Afi%3Atikwd-6666149201%3Alp9181766%3Ali%3Adec%3Adm%3Appccp%3DUmFuZG9tSVYkc2RlIyh9YZVcNNsENnH02-pWD53qm9c&aid=306395&ucfs=1&arphpl=1&checkin=2025-07-01&checkout=2025-07-07&dest_id=900051864&dest_type=city&group_adults=2&req_adults=2&no_rooms=1&group_children=1&req_children=1&age=0&req_age=0&hpos=14&hapos=39&sr_order=popularity&srpvid=b72a5a11d23521f9&srepoch=1750078118&all_sr_blocks=1379255801_410049208_3_0_0&highlighted_blocks=1379255801_410049208_3_0_0&matching_block_id=1379255801_410049208_3_0_0&sr_pri_blocks=1379255801_410049208_3_0_0__720000&from=searchresults
Artham The River View,Deluxe Family Room,Free cancellation,No prepayment needed,1 double bed,"₹ 15,000",9.7,3,3.5 km from centre,Gokarna,2025-07-01,2025-07-07,Gokarna,https://www.booking.com/hotel/in/artham-the-river-view.en-gb.html?label=gokarna-in-VKOvbFwRZ45xs24a_OdV2QS392822631354%3Apl%3Ata%3Ap110%3Ap2300%2C000%3Aac%3Aap%3Aneg%3Afi%3Atikwd-6666149201%3Alp9181766%3Ali%3Adec%3Adm%3Appccp%3DUmFuZG9tSVYkc2RlIyh9YZVcNNsENnH02-pWD53qm9c&aid=306395&ucfs=1&arphpl=1&checkin=2025-07-01&checkout=2025-07-07&dest_id=900051864&dest_type=city&group_adults=2&req_adults=2&no_rooms=1&group_children=1&req_children=1&age=0&req_age=0&hpos=15&hapos=40&sr_order=popularity&srpvid=b72a5a11d23521f9&srepoch=1750078118&all_sr_blocks=1385785501_410599474_2_1_0&highlighted_blocks=1385785501_410599474_2_1_0&matching_block_id=1385785501_410599474_2_1_0&sr_pri_blocks=1385785501_410599474_2_1_0__1500000&from=searchresults
Viraz Valley,Cottage,Free cancellation,,Entire bungalow • 1 bedroom • 1 living room • 1 bathroom • 28m²1 extra-large double bed,"₹ 23,400",8.1,22,1.5 km from centre,Gokarna,2025-07-01,2025-07-07,Gokarna,https://www.booking.com/hotel/in/viraz-valley.en-gb.html?label=gokarna-in-VKOvbFwRZ45xs24a_OdV2QS392822631354%3Apl%3Ata%3Ap110%3Ap2300%2C000%3Aac%3Aap%3Aneg%3Afi%3Atikwd-6666149201%3Alp9181766%3Ali%3Adec%3Adm%3Appccp%3DUmFuZG9tSVYkc2RlIyh9YZVcNNsENnH02-pWD53qm9c&aid=306395&ucfs=1&arphpl=1&checkin=2025-07-01&checkout=2025-07-07&dest_id=900051864&dest_type=city&group_adults=2&req_adults=2&no_rooms=1&group_children=1&req_children=1&age=0&req_age=0&hpos=16&hapos=41&sr_order=popularity&srpvid=b72a5a11d23521f9&srepoch=1750078118&all_sr_blocks=608426603_360690136_3_0_0&highlighted_blocks=608426603_360690136_3_0_0&matching_block_id=608426603_360690136_3_0_0&sr_pri_blocks=608426603_360690136_3_0_0__2340000&from=searchresults
La Pizzeria Home Stay kudle beach gokarna,Double Room,Free cancellation,No prepayment needed,"6 beds (4 doubles, 2 large doubles)","₹ 10,800",6.0,1,1.3 km from centre,Gokarna,2025-07-01,2025-07-07,Gokarna,https://www.booking.com/hotel/in/la-pizzeria-home-stay-kudle-beach-gokarna-gokarna.en-gb.html?label=gokarna-in-VKOvbFwRZ45xs24a_OdV2QS392822631354%3Apl%3Ata%3Ap110%3Ap2300%2C000%3Aac%3Aap%3Aneg%3Afi%3Atikwd-6666149201%3Alp9181766%3Ali%3Adec%3Adm%3Appccp%3DUmFuZG9tSVYkc2RlIyh9YZVcNNsENnH02-pWD53qm9c&aid=306395&ucfs=1&arphpl=1&checkin=2025-07-01&checkout=2025-07-07&dest_id=900051864&dest_type=city&group_adults=2&req_adults=2&no_rooms=1&group_children=1&req_children=1&age=0&req_age=0&hpos=17&hapos=42&sr_order=popularity&srpvid=b72a5a11d23521f9&srepoch=1750078118&all_sr_blocks=1372945301_409467428_3_2_0&highlighted_blocks=1372945301_409467428_3_2_0&matching_block_id=1372945301_409467428_3_2_0&sr_pri_blocks=1372945301_409467428_3_2_0__1080000&from=searchresults
GOKARNA JUNCTION - A vintage homestay,Double Room with Park View,Free cancellation,No prepayment needed,Entire holiday home • 1 bedroom • 1 bathroom • 23m²2 large double beds,"₹ 25,278",8.7,17,1 km from centre,Gokarna,2025-07-01,2025-07-07,Gokarna,https://www.booking.com/hotel/in/gokarna-junction-vintage-charm.en-gb.html?label=gokarna-in-VKOvbFwRZ45xs24a_OdV2QS392822631354%3Apl%3Ata%3Ap110%3Ap2300%2C000%3Aac%3Aap%3Aneg%3Afi%3Atikwd-6666149201%3Alp9181766%3Ali%3Adec%3Adm%3Appccp%3DUmFuZG9tSVYkc2RlIyh9YZVcNNsENnH02-pWD53qm9c&aid=306395&ucfs=1&arphpl=1&checkin=2025-07-01&checkout=2025-07-07&dest_id=900051864&dest_type=city&group_adults=2&req_adults=2&no_rooms=1&group_children=1&req_children=1&age=0&req_age=0&hpos=18&hapos=43&sr_order=popularity&srpvid=b72a5a11d23521f9&srepoch=1750078118&all_sr_blocks=1080605502_391144704_4_0_0&highlighted_blocks=1080605502_391144704_4_0_0&matching_block_id=1080605502_391144704_4_0_0&sr_pri_blocks=1080605502_391144704_4_0_0__2527800&from=searchresults
Ishwar Place Rooms and Cafe Gokarna,Quadruple Room,Free cancellation,No prepayment needed,2 double beds,"₹ 13,495",8.2,4,3.7 km from centre,Gokarna,2025-07-01,2025-07-07,Gokarna,https://www.booking.com/hotel/in/ishwar-place-rooms-and-cafe-gokarna-gokarna.en-gb.html?label=gokarna-in-VKOvbFwRZ45xs24a_OdV2QS392822631354%3Apl%3Ata%3Ap110%3Ap2300%2C000%3Aac%3Aap%3Aneg%3Afi%3Atikwd-6666149201%3Alp9181766%3Ali%3Adec%3Adm%3Appccp%3DUmFuZG9tSVYkc2RlIyh9YZVcNNsENnH02-pWD53qm9c&aid=306395&ucfs=1&arphpl=1&checkin=2025-07-01&checkout=2025-07-07&dest_id=900051864&dest_type=city&group_adults=2&req_adults=2&no_rooms=1&group_children=1&req_children=1&age=0&req_age=0&hpos=19&hapos=44&sr_order=popularity&srpvid=b72a5a11d23521f9&srepoch=1750078118&all_sr_blocks=1378621801_409986792_3_2_0&highlighted_blocks=1378621801_409986792_3_2_0&matching_block_id=1378621801_409986792_3_2_0&sr_pri_blocks=1378621801_409986792_3_2_0__1349460&from=searchresults
Golden Sky,Double Room,Free cancellation,No prepayment needed,2 large double beds,"₹ 15,295",1.5,2,4.1 km from centre,Gokarna,2025-07-01,2025-07-07,Gokarna,https://www.booking.com/hotel/in/golden-sky-gokarna.en-gb.html?label=gokarna-in-VKOvbFwRZ45xs24a_OdV2QS392822631354%3Apl%3Ata%3Ap110%3Ap2300%2C000%3Aac%3Aap%3Aneg%3Afi%3Atikwd-6666149201%3Alp9181766%3Ali%3Adec%3Adm%3Appccp%3DUmFuZG9tSVYkc2RlIyh9YZVcNNsENnH02-pWD53qm9c&aid=306395&ucfs=1&arphpl=1&checkin=2025-07-01&checkout=2025-07-07&dest_id=900051864&dest_type=city&group_adults=2&req_adults=2&no_rooms=1&group_children=1&req_children=1&age=0&req_age=0&hpos=20&hapos=45&sr_order=popularity&srpvid=b72a5a11d23521f9&srepoch=1750078118&all_sr_blocks=1344753401_406833511_3_0_0&highlighted_blocks=1344753401_406833511_3_0_0&matching_block_id=1344753401_406833511_3_0_0&sr_pri_blocks=1344753401_406833511_3_0_0__1529490&from=searchresults
Samba Castle by Starling,Family Room,Free cancellation,No prepayment needed,"2 beds (1 sofa bed, 1 large double)","₹ 36,180",10,6,3.1 km from centre,Gokarna,2025-07-01,2025-07-07,Gokarna,https://www.booking.com/hotel/in/samba-castle-gokarna.en-gb.html?label=gokarna-in-VKOvbFwRZ45xs24a_OdV2QS392822631354%3Apl%3Ata%3Ap110%3Ap2300%2C000%3Aac%3Aap%3Aneg%3Afi%3Atikwd-6666149201%3Alp9181766%3Ali%3Adec%3Adm%3Appccp%3DUmFuZG9tSVYkc2RlIyh9YZVcNNsENnH02-pWD53qm9c&aid=306395&ucfs=1&arphpl=1&checkin=2025-07-01&checkout=2025-07-07&dest_id=900051864&dest_type=city&group_adults=2&req_adults=2&no_rooms=1&group_children=1&req_children=1&age=0&req_age=0&hpos=21&hapos=46&sr_order=popularity&srpvid=b72a5a11d23521f9&srepoch=1750078118&all_sr_blocks=1353483503_407681645_3_42_0&highlighted_blocks=1353483503_407681645_3_42_0&matching_block_id=1353483503_407681645_3_42_0&sr_pri_blocks=1353483503_407681645_3_42_0__3618000&from=searchresults
Golden Gateways,Double Room,Free cancellation,No prepayment needed,2 large double beds,"₹ 20,395",10,1,3.1 km from centre,Gokarna,2025-07-01,2025-07-07,Gokarna,https://www.booking.com/hotel/in/green-tune-stay-green-tea.en-gb.html?label=gokarna-in-VKOvbFwRZ45xs24a_OdV2QS392822631354%3Apl%3Ata%3Ap110%3Ap2300%2C000%3Aac%3Aap%3Aneg%3Afi%3Atikwd-6666149201%3Alp9181766%3Ali%3Adec%3Adm%3Appccp%3DUmFuZG9tSVYkc2RlIyh9YZVcNNsENnH02-pWD53qm9c&aid=306395&ucfs=1&arphpl=1&checkin=2025-07-01&checkout=2025-07-07&dest_id=900051864&dest_type=city&group_adults=2&req_adults=2&no_rooms=1&group_children=1&req_children=1&age=0&req_age=0&hpos=22&hapos=47&sr_order=popularity&srpvid=b72a5a11d23521f9&srepoch=1750078118&all_sr_blocks=1338673101_406305532_3_0_0&highlighted_blocks=1338673101_406305532_3_0_0&matching_block_id=1338673101_406305532_3_0_0&sr_pri_blocks=1338673101_406305532_3_0_0__2039490&from=searchresults
Golden bright,Double Room,Free cancellation,No prepayment needed,2 large double beds,"₹ 15,295",1.0,1,2.8 km from centre,Gokarna,2025-07-01,2025-07-07,Gokarna,https://www.booking.com/hotel/in/grand-tropical-cottage.en-gb.html?label=gokarna-in-VKOvbFwRZ45xs24a_OdV2QS392822631354%3Apl%3Ata%3Ap110%3Ap2300%2C000%3Aac%3Aap%3Aneg%3Afi%3Atikwd-6666149201%3Alp9181766%3Ali%3Adec%3Adm%3Appccp%3DUmFuZG9tSVYkc2RlIyh9YZVcNNsENnH02-pWD53qm9c&aid=306395&ucfs=1&arphpl=1&checkin=2025-07-01&checkout=2025-07-07&dest_id=900051864&dest_type=city&group_adults=2&req_adults=2&no_rooms=1&group_children=1&req_children=1&age=0&req_age=0&hpos=23&hapos=48&sr_order=popularity&srpvid=b72a5a11d23521f9&srepoch=1750078118&all_sr_blocks=1340035601_406417573_3_2_0&highlighted_blocks=1340035601_406417573_3_2_0&matching_block_id=1340035601_406417573_3_2_0&sr_pri_blocks=1340035601_406417573_3_2_0__1529490&from=searchresults
Sea Spray Resort,Double Room,No prepayment needed,,"2 beds (1 single, 1 double)","₹ 21,000",8.0,2,2.9 km from centre,Gokarna,2025-07-01,2025-07-07,Gokarna,https://www.booking.com/hotel/in/sea-spray-resort.en-gb.html?label=gokarna-in-VKOvbFwRZ45xs24a_OdV2QS392822631354%3Apl%3Ata%3Ap110%3Ap2300%2C000%3Aac%3Aap%3Aneg%3Afi%3Atikwd-6666149201%3Alp9181766%3Ali%3Adec%3Adm%3Appccp%3DUmFuZG9tSVYkc2RlIyh9YZVcNNsENnH02-pWD53qm9c&aid=306395&ucfs=1&arphpl=1&checkin=2025-07-01&checkout=2025-07-07&dest_id=900051864&dest_type=city&group_adults=2&req_adults=2&no_rooms=1&group_children=1&req_children=1&age=0&req_age=0&hpos=24&hapos=49&sr_order=popularity&srpvid=b72a5a11d23521f9&srepoch=1750078118&all_sr_blocks=1132146403_386291616_4_42_0_206040&highlighted_blocks=1132146403_386291616_4_42_0_206040&matching_block_id=1132146403_386291616_4_42_0_206040&sr_pri_blocks=1132146403_386291616_4_42_0_206040_2100000&from=searchresults
Nisarga Homestay,Family Room with Private Bathroom,Free cancellation,No prepayment needed,2 double beds,"₹ 9,715",1.0,1,4.9 km from centre,Gokarna,2025-07-01,2025-07-07,Gokarna,https://www.booking.com/hotel/in/nisarga-homestay-gokarna1.en-gb.html?label=gokarna-in-VKOvbFwRZ45xs24a_OdV2QS392822631354%3Apl%3Ata%3Ap110%3Ap2300%2C000%3Aac%3Aap%3Aneg%3Afi%3Atikwd-6666149201%3Alp9181766%3Ali%3Adec%3Adm%3Appccp%3DUmFuZG9tSVYkc2RlIyh9YZVcNNsENnH02-pWD53qm9c&aid=306395&ucfs=1&arphpl=1&checkin=2025-07-01&checkout=2025-07-07&dest_id=900051864&dest_type=city&group_adults=2&req_adults=2&no_rooms=1&group_children=1&req_children=1&age=0&req_age=0&hpos=1&hapos=50&sr_order=popularity&srpvid=b72a5a11d23521f9&srepoch=1750078119&all_sr_blocks=1368620601_409096727_3_0_0&highlighted_blocks=1368620601_409096727_3_0_0&matching_block_id=1368620601_409096727_3_0_0&sr_pri_blocks=1368620601_409096727_3_0_0__971460&from=searchresults
BVB homestay,One-Bedroom House,Free cancellation,No prepayment needed,Entire holiday home • 1 bedroom • 1 bathroom • 42m²1 double bed,"₹ 4,703",-1,-1,7.8 km from centre,Gokarna,2025-07-01,2025-07-07,Gokarna,https://www.booking.com/hotel/in/bvb-homestay.en-gb.html?label=gokarna-in-VKOvbFwRZ45xs24a_OdV2QS392822631354%3Apl%3Ata%3Ap110%3Ap2300%2C000%3Aac%3Aap%3Aneg%3Afi%3Atikwd-6666149201%3Alp9181766%3Ali%3Adec%3Adm%3Appccp%3DUmFuZG9tSVYkc2RlIyh9YZVcNNsENnH02-pWD53qm9c&aid=306395&ucfs=1&arphpl=1&checkin=2025-07-01&checkout=2025-07-07&dest_id=900051864&dest_type=city&group_adults=2&req_adults=2&no_rooms=1&group_children=1&req_children=1&age=0&req_age=0&hpos=2&hapos=51&sr_order=popularity&srpvid=b72a5a11d23521f9&srepoch=1750078119&all_sr_blocks=1337336601_406187023_3_0_0&highlighted_blocks=1337336601_406187023_3_0_0&matching_block_id=1337336601_406187023_3_0_0&sr_pri_blocks=1337336601_406187023_3_0_0__470250&from=searchresults
Mahadevi Guest House,Double Room,,,"3 beds (1 double, 2 futons)","₹ 25,650",6.8,26,1.5 km from centre,Gokarna,2025-07-01,2025-07-07,Gokarna,https://www.booking.com/hotel/in/mahadevi-guest-house.en-gb.html?label=gokarna-in-VKOvbFwRZ45xs24a_OdV2QS392822631354%3Apl%3Ata%3Ap110%3Ap2300%2C000%3Aac%3Aap%3Aneg%3Afi%3Atikwd-6666149201%3Alp9181766%3Ali%3Adec%3Adm%3Appccp%3DUmFuZG9tSVYkc2RlIyh9YZVcNNsENnH02-pWD53qm9c&aid=306395&ucfs=1&arphpl=1&checkin=2025-07-01&checkout=2025-07-07&dest_id=900051864&dest_type=city&group_adults=2&req_adults=2&no_rooms=1&group_children=1&req_children=1&age=0&req_age=0&hpos=3&hapos=52&sr_order=popularity&srpvid=b72a5a11d23521f9&srepoch=1750078119&all_sr_blocks=1156364501_388408563_3_0_0&highlighted_blocks=1156364501_388408563_3_0_0&matching_block_id=1156364501_388408563_3_0_0&sr_pri_blocks=1156364501_388408563_3_0_0__2565000&from=searchresults
VENKU AC Homes Stay,Double Room,,,2 double beds,"₹ 9,450",3.5,2,2.9 km from centre,Gokarna,2025-07-01,2025-07-07,Gokarna,https://www.booking.com/hotel/in/venku-ac-homes-stay.en-gb.html?label=gokarna-in-VKOvbFwRZ45xs24a_OdV2QS392822631354%3Apl%3Ata%3Ap110%3Ap2300%2C000%3Aac%3Aap%3Aneg%3Afi%3Atikwd-6666149201%3Alp9181766%3Ali%3Adec%3Adm%3Appccp%3DUmFuZG9tSVYkc2RlIyh9YZVcNNsENnH02-pWD53qm9c&aid=306395&ucfs=1&arphpl=1&checkin=2025-07-01&checkout=2025-07-07&dest_id=900051864&dest_type=city&group_adults=2&req_adults=2&no_rooms=1&group_children=1&req_children=1&age=0&req_age=0&hpos=4&hapos=53&sr_order=popularity&srpvid=b72a5a11d23521f9&srepoch=1750078119&all_sr_blocks=1279445201_400843150_3_0_0&highlighted_blocks=1279445201_400843150_3_0_0&matching_block_id=1279445201_400843150_3_0_0&sr_pri_blocks=1279445201_400843150_3_0_0__945000&from=searchresults
LetsGokarna vacation stay,Double or Twin Room,Free cancellation,No prepayment needed,"2 beds (1 single, 1 double)","₹ 15,000",-1,-1,1.3 km from centre,Gokarna,2025-07-01,2025-07-07,Gokarna,https://www.booking.com/hotel/in/letsgokarna-vacation-stay.en-gb.html?label=gokarna-in-VKOvbFwRZ45xs24a_OdV2QS392822631354%3Apl%3Ata%3Ap110%3Ap2300%2C000%3Aac%3Aap%3Aneg%3Afi%3Atikwd-6666149201%3Alp9181766%3Ali%3Adec%3Adm%3Appccp%3DUmFuZG9tSVYkc2RlIyh9YZVcNNsENnH02-pWD53qm9c&aid=306395&ucfs=1&arphpl=1&checkin=2025-07-01&checkout=2025-07-07&dest_id=900051864&dest_type=city&group_adults=2&req_adults=2&no_rooms=1&group_children=1&req_children=1&age=0&req_age=0&hpos=5&hapos=54&sr_order=popularity&srpvid=b72a5a11d23521f9&srepoch=1750078119&all_sr_blocks=1336838201_406141142_3_0_0&highlighted_blocks=1336838201_406141142_3_0_0&matching_block_id=1336838201_406141142_3_0_0&sr_pri_blocks=1336838201_406141142_3_0_0__1500000&from=searchresults
Vamoose Hanchina Mane,Double Room,,,1 double bed,"₹ 27,000",4.0,3,7.8 km from centre,Gokarna,2025-07-01,2025-07-07,Gokarna,https://www.booking.com/hotel/in/vamoose-hanchina-mane.en-gb.html?label=gokarna-in-VKOvbFwRZ45xs24a_OdV2QS392822631354%3Apl%3Ata%3Ap110%3Ap2300%2C000%3Aac%3Aap%3Aneg%3Afi%3Atikwd-6666149201%3Alp9181766%3Ali%3Adec%3Adm%3Appccp%3DUmFuZG9tSVYkc2RlIyh9YZVcNNsENnH02-pWD53qm9c&aid=306395&ucfs=1&arphpl=1&checkin=2025-07-01&checkout=2025-07-07&dest_id=900051864&dest_type=city&group_adults=2&req_adults=2&no_rooms=1&group_children=1&req_children=1&age=0&req_age=0&hpos=6&hapos=55&sr_order=popularity&srpvid=b72a5a11d23521f9&srepoch=1750078119&all_sr_blocks=714314501_298768267_2_42_0&highlighted_blocks=714314501_298768267_2_42_0&matching_block_id=714314501_298768267_2_42_0&sr_pri_blocks=714314501_298768267_2_42_0__2700000&from=searchresults
Boho Coral Gokarna - II,One-Bedroom House,Free cancellation,No prepayment needed,"Entire holiday home • 1 bedroom • 1 living room • 1 bathroom • 1,000m²7 beds (4 singles, 2 doubles, 1 sofa bed)","₹ 28,125",-1,-1,2 km from centre,Gokarna,2025-07-01,2025-07-07,Gokarna,https://www.booking.com/hotel/in/boho-coral-ii.en-gb.html?label=gokarna-in-VKOvbFwRZ45xs24a_OdV2QS392822631354%3Apl%3Ata%3Ap110%3Ap2300%2C000%3Aac%3Aap%3Aneg%3Afi%3Atikwd-6666149201%3Alp9181766%3Ali%3Adec%3Adm%3Appccp%3DUmFuZG9tSVYkc2RlIyh9YZVcNNsENnH02-pWD53qm9c&aid=306395&ucfs=1&arphpl=1&checkin=2025-07-01&checkout=2025-07-07&dest_id=900051864&dest_type=city&group_adults=2&req_adults=2&no_rooms=1&group_children=1&req_children=1&age=0&req_age=0&hpos=7&hapos=56&sr_order=popularity&srpvid=b72a5a11d23521f9&srepoch=1750078119&all_sr_blocks=1260949001_398712048_3_0_0&highlighted_blocks=1260949001_398712048_3_0_0&matching_block_id=1260949001_398712048_3_0_0&sr_pri_blocks=1260949001_398712048_3_0_0__2812500&from=searchresults
Villa Sanskruti,Three-Bedroom Villa,Free cancellation,No prepayment needed,"Entire villa • 2 bedrooms • 1 living room • 4 bathrooms • 40m²3 beds (2 extra-large doubles, 1 sofa bed)","₹ 107,797",-1,-1,1.3 km from centre,Gokarna,2025-07-01,2025-07-07,Gokarna,https://www.booking.com/hotel/in/villa-sanskruti.en-gb.html?label=gokarna-in-VKOvbFwRZ45xs24a_OdV2QS392822631354%3Apl%3Ata%3Ap110%3Ap2300%2C000%3Aac%3Aap%3Aneg%3Afi%3Atikwd-6666149201%3Alp9181766%3Ali%3Adec%3Adm%3Appccp%3DUmFuZG9tSVYkc2RlIyh9YZVcNNsENnH02-pWD53qm9c&aid=306395&ucfs=1&arphpl=1&checkin=2025-07-01&checkout=2025-07-07&dest_id=900051864&dest_type=city&group_adults=2&req_adults=2&no_rooms=1&group_children=1&req_children=1&age=0&req_age=0&hpos=8&hapos=57&sr_order=popularity&srpvid=b72a5a11d23521f9&srepoch=1750078119&all_sr_blocks=1362004601_408512697_4_2_0&highlighted_blocks=1362004601_408512697_4_2_0&matching_block_id=1362004601_408512697_4_2_0&sr_pri_blocks=1362004601_408512697_4_2_0__10779720&from=searchresults
Gokarna RSN STAY in Top Floor for the Young & Energetic people of the Universe,Standard Double or Twin Room,Free cancellation,No prepayment needed,2 double beds,"₹ 8,392",7.7,231,150 m from centre,Gokarna,2025-07-01,2025-07-07,Gokarna,https://www.booking.com/hotel/in/gc-stay.en-gb.html?label=gokarna-in-VKOvbFwRZ45xs24a_OdV2QS392822631354%3Apl%3Ata%3Ap110%3Ap2300%2C000%3Aac%3Aap%3Aneg%3Afi%3Atikwd-6666149201%3Alp9181766%3Ali%3Adec%3Adm%3Appccp%3DUmFuZG9tSVYkc2RlIyh9YZVcNNsENnH02-pWD53qm9c&aid=306395&ucfs=1&arphpl=1&checkin=2025-07-01&checkout=2025-07-07&dest_id=900051864&dest_type=city&group_adults=2&req_adults=2&no_rooms=1&group_children=1&req_children=1&age=0&req_age=0&hpos=9&hapos=58&sr_order=popularity&srpvid=b72a5a11d23521f9&srepoch=1750078119&all_sr_blocks=363441803_181448163_2_0_0%2C363441803_181448163_2_0_0&highlighted_blocks=363441803_181448163_2_0_0%2C363441803_181448163_2_0_0&matching_block_id=363441803_181448163_2_0_0&sr_pri_blocks=363441803_181448163_2_0_0__419600%2C363441803_181448163_2_0_0__419600&from=searchresults
Greenland rooms,Budget Double Room,Free cancellation,No prepayment needed,2 double beds,"₹ 7,176",7.9,8,0.7 km from centre,Gokarna,2025-07-01,2025-07-07,Gokarna,https://www.booking.com/hotel/in/greenland-rooms.en-gb.html?label=gokarna-in-VKOvbFwRZ45xs24a_OdV2QS392822631354%3Apl%3Ata%3Ap110%3Ap2300%2C000%3Aac%3Aap%3Aneg%3Afi%3Atikwd-6666149201%3Alp9181766%3Ali%3Adec%3Adm%3Appccp%3DUmFuZG9tSVYkc2RlIyh9YZVcNNsENnH02-pWD53qm9c&aid=306395&ucfs=1&arphpl=1&checkin=2025-07-01&checkout=2025-07-07&dest_id=900051864&dest_type=city&group_adults=2&req_adults=2&no_rooms=1&group_children=1&req_children=1&age=0&req_age=0&hpos=10&hapos=59&sr_order=popularity&srpvid=b72a5a11d23521f9&srepoch=1750078119&all_sr_blocks=1363320403_408623429_2_0_0%2C1363320403_408623429_2_0_0&highlighted_blocks=1363320403_408623429_2_0_0%2C1363320403_408623429_2_0_0&matching_block_id=1363320403_408623429_2_0_0&sr_pri_blocks=1363320403_408623429_2_0_0__358800%2C1363320403_408623429_2_0_0__358800&from=searchresults
Belaku Farm House,Budget Double Room,Free cancellation,No prepayment needed,1 extra-large double bed,"₹ 11,688",8.2,21,0.9 km from centre,Gokarna,2025-07-01,2025-07-07,Gokarna,https://www.booking.com/hotel/in/belaku-farm-house-gokarna1.en-gb.html?label=gokarna-in-VKOvbFwRZ45xs24a_OdV2QS392822631354%3Apl%3Ata%3Ap110%3Ap2300%2C000%3Aac%3Aap%3Aneg%3Afi%3Atikwd-6666149201%3Alp9181766%3Ali%3Adec%3Adm%3Appccp%3DUmFuZG9tSVYkc2RlIyh9YZVcNNsENnH02-pWD53qm9c&aid=306395&ucfs=1&arphpl=1&checkin=2025-07-01&checkout=2025-07-07&dest_id=900051864&dest_type=city&group_adults=2&req_adults=2&no_rooms=1&group_children=1&req_children=1&age=0&req_age=0&hpos=11&hapos=60&sr_order=popularity&srpvid=b72a5a11d23521f9&srepoch=1750078119&all_sr_blocks=1328028711_405392311_2_0_0%2C1328028712_405392311_2_0_0&highlighted_blocks=1328028711_405392311_2_0_0%2C1328028712_405392311_2_0_0&matching_block_id=1328028711_405392311_2_0_0&sr_pri_blocks=1328028711_405392311_2_0_0__419400%2C1328028712_405392311_2_0_0__749400&from=searchresults
Villa Wave Resort and Restaurant,Standard Double Room with Fan,Free cancellation,No prepayment needed,2 double beds,"₹ 14,216",5.1,24,1.7 km from centre,Gokarna,2025-07-01,2025-07-07,Gokarna,https://www.booking.com/hotel/in/villa-wave-resort-and-restaurant.en-gb.html?label=gokarna-in-VKOvbFwRZ45xs24a_OdV2QS392822631354%3Apl%3Ata%3Ap110%3Ap2300%2C000%3Aac%3Aap%3Aneg%3Afi%3Atikwd-6666149201%3Alp9181766%3Ali%3Adec%3Adm%3Appccp%3DUmFuZG9tSVYkc2RlIyh9YZVcNNsENnH02-pWD53qm9c&aid=306395&ucfs=1&arphpl=1&checkin=2025-07-01&checkout=2025-07-07&dest_id=900051864&dest_type=city&group_adults=2&req_adults=2&no_rooms=1&group_children=1&req_children=1&age=0&req_age=0&hpos=12&hapos=61&sr_order=popularity&srpvid=b72a5a11d23521f9&srepoch=1750078119&all_sr_blocks=1321419901_404944321_2_0_0%2C1321419901_404944321_1_0_0&highlighted_blocks=1321419901_404944321_2_0_0%2C1321419901_404944321_1_0_0&matching_block_id=1321419901_404944321_2_0_0&sr_pri_blocks=1321419901_404944321_2_0_0__729000%2C1321419901_404944321_1_0_0__692550&from=searchresults
Niyati Home Stay,Deluxe Double or Twin Room with Garden View,Free cancellation,No prepayment needed,"12 beds (2 singles, 10 doubles)","₹ 25,650",9.1,63,2.4 km from centre,Gokarna,2025-07-01,2025-07-07,Gokarna,https://www.booking.com/hotel/in/niyati-home-stay.en-gb.html?label=gokarna-in-VKOvbFwRZ45xs24a_OdV2QS392822631354%3Apl%3Ata%3Ap110%3Ap2300%2C000%3Aac%3Aap%3Aneg%3Afi%3Atikwd-6666149201%3Alp9181766%3Ali%3Adec%3Adm%3Appccp%3DUmFuZG9tSVYkc2RlIyh9YZVcNNsENnH02-pWD53qm9c&aid=306395&ucfs=1&arphpl=1&checkin=2025-07-01&checkout=2025-07-07&dest_id=900051864&dest_type=city&group_adults=2&req_adults=2&no_rooms=1&group_children=1&req_children=1&age=0&req_age=0&hpos=13&hapos=62&sr_order=popularity&srpvid=b72a5a11d23521f9&srepoch=1750078119&all_sr_blocks=1287131701_401670686_2_2_0%2C1287131701_401670686_1_2_0&highlighted_blocks=1287131701_401670686_2_2_0%2C1287131701_401670686_1_2_0&matching_block_id=1287131701_401670686_2_2_0&sr_pri_blocks=1287131701_401670686_2_2_0__1350000%2C1287131701_401670686_1_2_0__1215000&from=searchresults
The Hideaway by Enlightened Vagabond,Superior Double Room,,,2 double beds,"₹ 20,797",8.3,11,2.1 km from centre,Gokarna,2025-07-01,2025-07-07,Gokarna,https://www.booking.com/hotel/in/the-hideaway-by-enlightened-vagabond.en-gb.html?label=gokarna-in-VKOvbFwRZ45xs24a_OdV2QS392822631354%3Apl%3Ata%3Ap110%3Ap2300%2C000%3Aac%3Aap%3Aneg%3Afi%3Atikwd-6666149201%3Alp9181766%3Ali%3Adec%3Adm%3Appccp%3DUmFuZG9tSVYkc2RlIyh9YZVcNNsENnH02-pWD53qm9c&aid=306395&ucfs=1&arphpl=1&checkin=2025-07-01&checkout=2025-07-07&dest_id=900051864&dest_type=city&group_adults=2&req_adults=2&no_rooms=1&group_children=1&req_children=1&age=0&req_age=0&hpos=14&hapos=63&sr_order=popularity&srpvid=b72a5a11d23521f9&srepoch=1750078119&all_sr_blocks=1338005602_408632791_2_0_0%2C1338005602_408632791_1_0_0&highlighted_blocks=1338005602_408632791_2_0_0%2C1338005602_408632791_1_0_0&matching_block_id=1338005602_408632791_2_0_0&sr_pri_blocks=1338005602_408632791_2_0_0__1299792%2C1338005602_408632791_1_0_0__779875&from=searchresults
Nimmu Guest House & Restaurant Gokarna,Standard Double Room,Free cancellation,,2 double beds,"₹ 36,000",8.6,110,350 m from centre,Gokarna,2025-07-01,2025-07-07,Gokarna,https://www.booking.com/hotel/in/nimmu-house.en-gb.html?label=gokarna-in-VKOvbFwRZ45xs24a_OdV2QS392822631354%3Apl%3Ata%3Ap110%3Ap2300%2C000%3Aac%3Aap%3Aneg%3Afi%3Atikwd-6666149201%3Alp9181766%3Ali%3Adec%3Adm%3Appccp%3DUmFuZG9tSVYkc2RlIyh9YZVcNNsENnH02-pWD53qm9c&aid=306395&ucfs=1&arphpl=1&checkin=2025-07-01&checkout=2025-07-07&dest_id=900051864&dest_type=city&group_adults=2&req_adults=2&no_rooms=1&group_children=1&req_children=1&age=0&req_age=0&hpos=15&hapos=64&sr_order=popularity&srpvid=b72a5a11d23521f9&srepoch=1750078119&all_sr_blocks=159307313_109646648_2_42_0%2C159307313_109646648_2_42_0&highlighted_blocks=159307313_109646648_2_42_0%2C159307313_109646648_2_42_0&matching_block_id=159307313_109646648_2_42_0&sr_pri_blocks=159307313_109646648_2_42_0__1800000%2C159307313_109646648_2_42_0__1800000&from=searchresults
ARYA HOMESTAY BOUGAIN VILLA,Double Room,,,4 single beds,"₹ 26,880",6.5,109,2 km from centre,Gokarna,2025-07-01,2025-07-07,Gokarna,https://www.booking.com/hotel/in/arya-homestay-bougain-villa.en-gb.html?label=gokarna-in-VKOvbFwRZ45xs24a_OdV2QS392822631354%3Apl%3Ata%3Ap110%3Ap2300%2C000%3Aac%3Aap%3Aneg%3Afi%3Atikwd-6666149201%3Alp9181766%3Ali%3Adec%3Adm%3Appccp%3DUmFuZG9tSVYkc2RlIyh9YZVcNNsENnH02-pWD53qm9c&aid=306395&ucfs=1&arphpl=1&checkin=2025-07-01&checkout=2025-07-07&dest_id=900051864&dest_type=city&group_adults=2&req_adults=2&no_rooms=1&group_children=1&req_children=1&age=0&req_age=0&hpos=16&hapos=65&sr_order=popularity&srpvid=b72a5a11d23521f9&srepoch=1750078119&all_sr_blocks=826478002_347119002_0_42_0%2C826478002_347119002_0_42_0&highlighted_blocks=826478002_347119002_0_42_0%2C826478002_347119002_0_42_0&matching_block_id=826478002_347119002_0_42_0&sr_pri_blocks=826478002_347119002_0_42_0__1344000%2C826478002_347119002_0_42_0__1344000&from=searchresults
goutami prasad jungle stay,Deluxe Room,Free cancellation,No prepayment needed,2 large double beds,"₹ 10,656",9.2,5,0.9 km from centre,Gokarna,2025-07-01,2025-07-07,Gokarna,https://www.booking.com/hotel/in/goutami-prasad-jungle-stay.en-gb.html?label=gokarna-in-VKOvbFwRZ45xs24a_OdV2QS392822631354%3Apl%3Ata%3Ap110%3Ap2300%2C000%3Aac%3Aap%3Aneg%3Afi%3Atikwd-6666149201%3Alp9181766%3Ali%3Adec%3Adm%3Appccp%3DUmFuZG9tSVYkc2RlIyh9YZVcNNsENnH02-pWD53qm9c&aid=306395&ucfs=1&arphpl=1&checkin=2025-07-01&checkout=2025-07-07&dest_id=900051864&dest_type=city&group_adults=2&req_adults=2&no_rooms=1&group_children=1&req_children=1&age=0&req_age=0&hpos=17&hapos=66&sr_order=popularity&srpvid=b72a5a11d23521f9&srepoch=1750078119&all_sr_blocks=1329860202_406899005_2_0_0%2C1329860202_406899005_2_0_0&highlighted_blocks=1329860202_406899005_2_0_0%2C1329860202_406899005_2_0_0&matching_block_id=1329860202_406899005_2_0_0&sr_pri_blocks=1329860202_406899005_2_0_0__532800%2C1329860202_406899005_2_0_0__532800&from=searchresults
Gokarna Black Pearl,Double Room with Private Bathroom,Free cancellation,No prepayment needed,2 double beds,"₹ 9,590",9.0,5,1.7 km from centre,Gokarna,2025-07-01,2025-07-07,Gokarna,https://www.booking.com/hotel/in/gokarna-black-pearl.en-gb.html?label=gokarna-in-VKOvbFwRZ45xs24a_OdV2QS392822631354%3Apl%3Ata%3Ap110%3Ap2300%2C000%3Aac%3Aap%3Aneg%3Afi%3Atikwd-6666149201%3Alp9181766%3Ali%3Adec%3Adm%3Appccp%3DUmFuZG9tSVYkc2RlIyh9YZVcNNsENnH02-pWD53qm9c&aid=306395&ucfs=1&arphpl=1&checkin=2025-07-01&checkout=2025-07-07&dest_id=900051864&dest_type=city&group_adults=2&req_adults=2&no_rooms=1&group_children=1&req_children=1&age=0&req_age=0&hpos=18&hapos=67&sr_order=popularity&srpvid=b72a5a11d23521f9&srepoch=1750078119&all_sr_blocks=1365804701_409558682_2_0_0%2C1365804701_409558682_1_0_0&highlighted_blocks=1365804701_409558682_2_0_0%2C1365804701_409558682_1_0_0&matching_block_id=1365804701_409558682_2_0_0&sr_pri_blocks=1365804701_409558682_2_0_0__539460%2C1365804701_409558682_1_0_0__419580&from=searchresults
Poornima Beach Stay,Deluxe Double Room with Sea View,Free cancellation,,"4 beds (2 singles, 2 large doubles)","₹ 34,188",7.4,62,0.8 km from centre,Gokarna,2025-07-01,2025-07-07,Gokarna,https://www.booking.com/hotel/in/poornima-beach-stay.en-gb.html?label=gokarna-in-VKOvbFwRZ45xs24a_OdV2QS392822631354%3Apl%3Ata%3Ap110%3Ap2300%2C000%3Aac%3Aap%3Aneg%3Afi%3Atikwd-6666149201%3Alp9181766%3Ali%3Adec%3Adm%3Appccp%3DUmFuZG9tSVYkc2RlIyh9YZVcNNsENnH02-pWD53qm9c&aid=306395&ucfs=1&arphpl=1&checkin=2025-07-01&checkout=2025-07-07&dest_id=900051864&dest_type=city&group_adults=2&req_adults=2&no_rooms=1&group_children=1&req_children=1&age=0&req_age=0&hpos=19&hapos=68&sr_order=popularity&srpvid=b72a5a11d23521f9&srepoch=1750078119&all_sr_blocks=906114501_380056871_2_0_0%2C906114501_380056871_2_0_0&highlighted_blocks=906114501_380056871_2_0_0%2C906114501_380056871_2_0_0&matching_block_id=906114501_380056871_2_0_0&sr_pri_blocks=906114501_380056871_2_0_0__1709400%2C906114501_380056871_2_0_0__1709400&from=searchresults
Absolute Paradise,Deluxe Double Room,Free cancellation,No prepayment needed,2 double beds,"₹ 22,800",8.0,6,2.2 km from centre,Gokarna,2025-07-01,2025-07-07,Gokarna,https://www.booking.com/hotel/in/absolute-paradise-gokarna6.en-gb.html?label=gokarna-in-VKOvbFwRZ45xs24a_OdV2QS392822631354%3Apl%3Ata%3Ap110%3Ap2300%2C000%3Aac%3Aap%3Aneg%3Afi%3Atikwd-6666149201%3Alp9181766%3Ali%3Adec%3Adm%3Appccp%3DUmFuZG9tSVYkc2RlIyh9YZVcNNsENnH02-pWD53qm9c&aid=306395&ucfs=1&arphpl=1&checkin=2025-07-01&checkout=2025-07-07&dest_id=900051864&dest_type=city&group_adults=2&req_adults=2&no_rooms=1&group_children=1&req_children=1&age=0&req_age=0&hpos=20&hapos=69&sr_order=popularity&srpvid=b72a5a11d23521f9&srepoch=1750078119&all_sr_blocks=1372240701_409413569_2_0_0%2C1372240701_409413569_1_0_0&highlighted_blocks=1372240701_409413569_2_0_0%2C1372240701_409413569_1_0_0&matching_block_id=1372240701_409413569_2_0_0&sr_pri_blocks=1372240701_409413569_2_0_0__1200000%2C1372240701_409413569_1_0_0__1080000&from=searchresults
Golden IB'S Gokarna,Standard Double Room with Fan,,,2 double beds,"₹ 21,600",10,1,1.1 km from centre,Gokarna,2025-07-01,2025-07-07,Gokarna,https://www.booking.com/hotel/in/golden-ibs-gokarna.en-gb.html?label=gokarna-in-VKOvbFwRZ45xs24a_OdV2QS392822631354%3Apl%3Ata%3Ap110%3Ap2300%2C000%3Aac%3Aap%3Aneg%3Afi%3Atikwd-6666149201%3Alp9181766%3Ali%3Adec%3Adm%3Appccp%3DUmFuZG9tSVYkc2RlIyh9YZVcNNsENnH02-pWD53qm9c&aid=306395&ucfs=1&arphpl=1&checkin=2025-07-01&checkout=2025-07-07&dest_id=900051864&dest_type=city&group_adults=2&req_adults=2&no_rooms=1&group_children=1&req_children=1&age=0&req_age=0&hpos=21&hapos=70&sr_order=popularity&srpvid=b72a5a11d23521f9&srepoch=1750078119&all_sr_blocks=1339320601_406354866_2_0_0%2C1339320601_406354866_2_0_0&highlighted_blocks=1339320601_406354866_2_0_0%2C1339320601_406354866_2_0_0&matching_block_id=1339320601_406354866_2_0_0&sr_pri_blocks=1339320601_406354866_2_0_0__1080000%2C1339320601_406354866_2_0_0__1080000&from=searchresults
Swasthi Stay,Double Room,Free cancellation,No prepayment needed,2 double beds,"₹ 15,600",8.7,26,2.1 km from centre,Gokarna,2025-07-01,2025-07-07,Gokarna,https://www.booking.com/hotel/in/fortune-stay-gokarna-kumta.en-gb.html?label=gokarna-in-VKOvbFwRZ45xs24a_OdV2QS392822631354%3Apl%3Ata%3Ap110%3Ap2300%2C000%3Aac%3Aap%3Aneg%3Afi%3Atikwd-6666149201%3Alp9181766%3Ali%3Adec%3Adm%3Appccp%3DUmFuZG9tSVYkc2RlIyh9YZVcNNsENnH02-pWD53qm9c&aid=306395&ucfs=1&arphpl=1&checkin=2025-07-01&checkout=2025-07-07&dest_id=900051864&dest_type=city&group_adults=2&req_adults=2&no_rooms=1&group_children=1&req_children=1&age=0&req_age=0&hpos=22&hapos=71&sr_order=popularity&srpvid=b72a5a11d23521f9&srepoch=1750078119&all_sr_blocks=973960401_369782884_2_0_0%2C973960401_369782884_2_0_0&highlighted_blocks=973960401_369782884_2_0_0%2C973960401_369782884_2_0_0&matching_block_id=973960401_369782884_2_0_0&sr_pri_blocks=973960401_369782884_2_0_0__780000%2C973960401_369782884_2_0_0__780000&from=searchresults
Sea Breeze Retreat Gokarna,Double Room,Free cancellation,No prepayment needed,2 double beds,"₹ 19,939",6.5,4,1.7 km from centre,Gokarna,2025-07-01,2025-07-07,Gokarna,https://www.booking.com/hotel/in/sea-breeze-retreat-gokarna.en-gb.html?label=gokarna-in-VKOvbFwRZ45xs24a_OdV2QS392822631354%3Apl%3Ata%3Ap110%3Ap2300%2C000%3Aac%3Aap%3Aneg%3Afi%3Atikwd-6666149201%3Alp9181766%3Ali%3Adec%3Adm%3Appccp%3DUmFuZG9tSVYkc2RlIyh9YZVcNNsENnH02-pWD53qm9c&aid=306395&ucfs=1&arphpl=1&checkin=2025-07-01&checkout=2025-07-07&dest_id=900051864&dest_type=city&group_adults=2&req_adults=2&no_rooms=1&group_children=1&req_children=1&age=0&req_age=0&hpos=23&hapos=72&sr_order=popularity&srpvid=b72a5a11d23521f9&srepoch=1750078119&all_sr_blocks=1371356601_409340093_2_0_0%2C1371356601_409340093_1_0_0&highlighted_blocks=1371356601_409340093_2_0_0%2C1371356601_409340093_1_0_0&matching_block_id=1371356601_409340093_2_0_0&sr_pri_blocks=1371356601_409340093_2_0_0__1049400%2C1371356601_409340093_1_0_0__944460&from=searchresults
Vismay Farm Stay,Double Room,Free cancellation,No prepayment needed,2 double beds,"₹ 17,100",8.2,7,1.7 km from centre,Gokarna,2025-07-01,2025-07-07,Gokarna,https://www.booking.com/hotel/in/vismay-farm-stay-gokarna.en-gb.html?label=gokarna-in-VKOvbFwRZ45xs24a_OdV2QS392822631354%3Apl%3Ata%3Ap110%3Ap2300%2C000%3Aac%3Aap%3Aneg%3Afi%3Atikwd-6666149201%3Alp9181766%3Ali%3Adec%3Adm%3Appccp%3DUmFuZG9tSVYkc2RlIyh9YZVcNNsENnH02-pWD53qm9c&aid=306395&ucfs=1&arphpl=1&checkin=2025-07-01&checkout=2025-07-07&dest_id=900051864&dest_type=city&group_adults=2&req_adults=2&no_rooms=1&group_children=1&req_children=1&age=0&req_age=0&hpos=24&hapos=73&sr_order=popularity&srpvid=b72a5a11d23521f9&srepoch=1750078119&all_sr_blocks=1266741601_399380791_2_0_0%2C1266741601_399380791_1_0_0&highlighted_blocks=1266741601_399380791_2_0_0%2C1266741601_399380791_1_0_0&matching_block_id=1266741601_399380791_2_0_0&sr_pri_blocks=1266741601_399380791_2_0_0__900000%2C1266741601_399380791_1_0_0__810000&from=searchresults
Gokarna stay Raj Kencha's,Family Room,Free cancellation,No prepayment needed,2 double beds,"₹ 15,600",7.0,9,2.2 km from centre,Gokarna,2025-07-01,2025-07-07,Gokarna,https://www.booking.com/hotel/in/gokarna-stay-raj-kenchas-gokarna.en-gb.html?label=gokarna-in-VKOvbFwRZ45xs24a_OdV2QS392822631354%3Apl%3Ata%3Ap110%3Ap2300%2C000%3Aac%3Aap%3Aneg%3Afi%3Atikwd-6666149201%3Alp9181766%3Ali%3Adec%3Adm%3Appccp%3DUmFuZG9tSVYkc2RlIyh9YZVcNNsENnH02-pWD53qm9c&aid=306395&ucfs=1&arphpl=1&checkin=2025-07-01&checkout=2025-07-07&dest_id=900051864&dest_type=city&group_adults=2&req_adults=2&no_rooms=1&group_children=1&req_children=1&age=0&req_age=0&hpos=1&hapos=74&sr_order=popularity&srpvid=b72a5a11d23521f9&srepoch=1750078172&all_sr_blocks=1294873611_402408032_2_0_0%2C1294873611_402408032_1_0_0&highlighted_blocks=1294873611_402408032_2_0_0%2C1294873611_402408032_1_0_0&matching_block_id=1294873611_402408032_2_0_0&sr_pri_blocks=1294873611_402408032_2_0_0__840000%2C1294873611_402408032_1_0_0__720000&from=searchresults
Shivanugraha Homestay,Double Room,Free cancellation,No prepayment needed,"4 beds (2 extra-large doubles, 2 futons)","₹ 15,300",5.5,2,1.7 km from centre,Gokarna,2025-07-01,2025-07-07,Gokarna,https://www.booking.com/hotel/in/shivanugraha-homestay.en-gb.html?label=gokarna-in-VKOvbFwRZ45xs24a_OdV2QS392822631354%3Apl%3Ata%3Ap110%3Ap2300%2C000%3Aac%3Aap%3Aneg%3Afi%3Atikwd-6666149201%3Alp9181766%3Ali%3Adec%3Adm%3Appccp%3DUmFuZG9tSVYkc2RlIyh9YZVcNNsENnH02-pWD53qm9c&aid=306395&ucfs=1&arphpl=1&checkin=2025-07-01&checkout=2025-07-07&dest_id=900051864&dest_type=city&group_adults=2&req_adults=2&no_rooms=1&group_children=1&req_children=1&age=0&req_age=0&hpos=2&hapos=75&sr_order=popularity&srpvid=b72a5a11d23521f9&srepoch=1750078172&all_sr_blocks=1311140301_403895024_2_42_0%2C1311140301_403895024_2_42_0&highlighted_blocks=1311140301_403895024_2_42_0%2C1311140301_403895024_2_42_0&matching_block_id=1311140301_403895024_2_42_0&sr_pri_blocks=1311140301_403895024_2_42_0__765000%2C1311140301_403895024_2_42_0__765000&from=searchresults
Natures Valley Gokarna,Double Room with Private Bathroom,Free cancellation,No prepayment needed,2 double beds,"₹ 18,229",-1,-1,3 km from centre,Gokarna,2025-07-01,2025-07-07,Gokarna,https://www.booking.com/hotel/in/natures-valley-gokarna-gokarna1.en-gb.html?label=gokarna-in-VKOvbFwRZ45xs24a_OdV2QS392822631354%3Apl%3Ata%3Ap110%3Ap2300%2C000%3Aac%3Aap%3Aneg%3Afi%3Atikwd-6666149201%3Alp9181766%3Ali%3Adec%3Adm%3Appccp%3DUmFuZG9tSVYkc2RlIyh9YZVcNNsENnH02-pWD53qm9c&aid=306395&ucfs=1&arphpl=1&checkin=2025-07-01&checkout=2025-07-07&dest_id=900051864&dest_type=city&group_adults=2&req_adults=2&no_rooms=1&group_children=1&req_children=1&age=0&req_age=0&hpos=3&hapos=76&sr_order=popularity&srpvid=b72a5a11d23521f9&srepoch=1750078172&all_sr_blocks=1319082101_404625986_2_0_0%2C1319082101_404625986_1_0_0&highlighted_blocks=1319082101_404625986_2_0_0%2C1319082101_404625986_1_0_0&matching_block_id=1319082101_404625986_2_0_0&sr_pri_blocks=1319082101_404625986_2_0_0__959400%2C1319082101_404625986_1_0_0__863460&from=searchresults
mrcottagesgokarna,Double Room with Private Bathroom,Free cancellation,No prepayment needed,2 large double beds,"₹ 19,380",-1,-1,2 km from centre,Gokarna,2025-07-01,2025-07-07,Gokarna,https://www.booking.com/hotel/in/mrcottagesgokarna.en-gb.html?label=gokarna-in-VKOvbFwRZ45xs24a_OdV2QS392822631354%3Apl%3Ata%3Ap110%3Ap2300%2C000%3Aac%3Aap%3Aneg%3Afi%3Atikwd-6666149201%3Alp9181766%3Ali%3Adec%3Adm%3Appccp%3DUmFuZG9tSVYkc2RlIyh9YZVcNNsENnH02-pWD53qm9c&aid=306395&ucfs=1&arphpl=1&checkin=2025-07-01&checkout=2025-07-07&dest_id=900051864&dest_type=city&group_adults=2&req_adults=2&no_rooms=1&group_children=1&req_children=1&age=0&req_age=0&hpos=4&hapos=77&sr_order=popularity&srpvid=b72a5a11d23521f9&srepoch=1750078172&all_sr_blocks=1392155902_411176937_2_0_0%2C1392155902_411176937_1_0_0&highlighted_blocks=1392155902_411176937_2_0_0%2C1392155902_411176937_1_0_0&matching_block_id=1392155902_411176937_2_0_0&sr_pri_blocks=1392155902_411176937_2_0_0__1020000%2C1392155902_411176937_1_0_0__918000&from=searchresults
Shreekrishna iWOODS HOMESTAY,Double Room,Free cancellation,No prepayment needed,2 large double beds,"₹ 23,880",9.7,3,0.8 km from centre,Gokarna,2025-07-01,2025-07-07,Gokarna,https://www.booking.com/hotel/in/shreekrishna-iwoods-homestay.en-gb.html?label=gokarna-in-VKOvbFwRZ45xs24a_OdV2QS392822631354%3Apl%3Ata%3Ap110%3Ap2300%2C000%3Aac%3Aap%3Aneg%3Afi%3Atikwd-6666149201%3Alp9181766%3Ali%3Adec%3Adm%3Appccp%3DUmFuZG9tSVYkc2RlIyh9YZVcNNsENnH02-pWD53qm9c&aid=306395&ucfs=1&arphpl=1&checkin=2025-07-01&checkout=2025-07-07&dest_id=900051864&dest_type=city&group_adults=2&req_adults=2&no_rooms=1&group_children=1&req_children=1&age=0&req_age=0&hpos=5&hapos=78&sr_order=popularity&srpvid=b72a5a11d23521f9&srepoch=1750078172&all_sr_blocks=1305723901_403410865_2_0_0%2C1305723901_403410865_1_0_0&highlighted_blocks=1305723901_403410865_2_0_0%2C1305723901_403410865_1_0_0&matching_block_id=1305723901_403410865_2_0_0&sr_pri_blocks=1305723901_403410865_2_0_0__1200000%2C1305723901_403410865_1_0_0__1188000&from=searchresults
Sri Saii Ram Lodge,Budget Double Room,,,2 double beds,"₹ 20,520",-1,-1,250 m from centre,Gokarna,2025-07-01,2025-07-07,Gokarna,https://www.booking.com/hotel/in/sri-saii-ram-lodge.en-gb.html?label=gokarna-in-VKOvbFwRZ45xs24a_OdV2QS392822631354%3Apl%3Ata%3Ap110%3Ap2300%2C000%3Aac%3Aap%3Aneg%3Afi%3Atikwd-6666149201%3Alp9181766%3Ali%3Adec%3Adm%3Appccp%3DUmFuZG9tSVYkc2RlIyh9YZVcNNsENnH02-pWD53qm9c&aid=306395&ucfs=1&arphpl=1&checkin=2025-07-01&checkout=2025-07-07&dest_id=900051864&dest_type=city&group_adults=2&req_adults=2&no_rooms=1&group_children=1&req_children=1&age=0&req_age=0&hpos=6&hapos=79&sr_order=popularity&srpvid=b72a5a11d23521f9&srepoch=1750078172&all_sr_blocks=1343834401_406746594_2_0_0%2C1343834401_406746594_1_0_0&highlighted_blocks=1343834401_406746594_2_0_0%2C1343834401_406746594_1_0_0&matching_block_id=1343834401_406746594_2_0_0&sr_pri_blocks=1343834401_406746594_2_0_0__1080000%2C1343834401_406746594_1_0_0__972000&from=searchresults
Sukh Sagar,Standard Double Room,Free cancellation,No prepayment needed,2 large double beds,"₹ 14,940",9.0,2,1.1 km from centre,Gokarna,2025-07-01,2025-07-07,Gokarna,https://www.booking.com/hotel/in/sukh-sagar-gokarna.en-gb.html?label=gokarna-in-VKOvbFwRZ45xs24a_OdV2QS392822631354%3Apl%3Ata%3Ap110%3Ap2300%2C000%3Aac%3Aap%3Aneg%3Afi%3Atikwd-6666149201%3Alp9181766%3Ali%3Adec%3Adm%3Appccp%3DUmFuZG9tSVYkc2RlIyh9YZVcNNsENnH02-pWD53qm9c&aid=306395&ucfs=1&arphpl=1&checkin=2025-07-01&checkout=2025-07-07&dest_id=900051864&dest_type=city&group_adults=2&req_adults=2&no_rooms=1&group_children=1&req_children=1&age=0&req_age=0&hpos=7&hapos=80&sr_order=popularity&srpvid=b72a5a11d23521f9&srepoch=1750078172&all_sr_blocks=1378705401_409994225_2_0_0%2C1378705401_409994225_1_0_0&highlighted_blocks=1378705401_409994225_2_0_0%2C1378705401_409994225_1_0_0&matching_block_id=1378705401_409994225_2_0_0&sr_pri_blocks=1378705401_409994225_2_0_0__900000%2C1378705401_409994225_1_0_0__594000&from=searchresults
Shree Garden Homestay,Double Room,Free cancellation,No prepayment needed,2 extra-large double beds,"₹ 32,389",-1,-1,1.8 km from centre,Gokarna,2025-07-01,2025-07-07,Gokarna,https://www.booking.com/hotel/in/shree-garden-homestay.en-gb.html?label=gokarna-in-VKOvbFwRZ45xs24a_OdV2QS392822631354%3Apl%3Ata%3Ap110%3Ap2300%2C000%3Aac%3Aap%3Aneg%3Afi%3Atikwd-6666149201%3Alp9181766%3Ali%3Adec%3Adm%3Appccp%3DUmFuZG9tSVYkc2RlIyh9YZVcNNsENnH02-pWD53qm9c&aid=306395&ucfs=1&arphpl=1&checkin=2025-07-01&checkout=2025-07-07&dest_id=900051864&dest_type=city&group_adults=2&req_adults=2&no_rooms=1&group_children=1&req_children=1&age=0&req_age=0&hpos=8&hapos=81&sr_order=popularity&srpvid=b72a5a11d23521f9&srepoch=1750078172&all_sr_blocks=1334412401_406257939_2_0_0%2C1334412401_406257939_2_0_0&highlighted_blocks=1334412401_406257939_2_0_0%2C1334412401_406257939_2_0_0&matching_block_id=1334412401_406257939_2_0_0&sr_pri_blocks=1334412401_406257939_2_0_0__1619460%2C1334412401_406257939_2_0_0__1619460&from=searchresults
Shiva Moon Guest House,Double Room with Balcony,Free cancellation,No prepayment needed,2 double beds,"₹ 19,200",-1,-1,1.9 km from centre,Gokarna,2025-07-01,2025-07-07,Gokarna,https://www.booking.com/hotel/in/shiva-moon-guest-house.en-gb.html?label=gokarna-in-VKOvbFwRZ45xs24a_OdV2QS392822631354%3Apl%3Ata%3Ap110%3Ap2300%2C000%3Aac%3Aap%3Aneg%3Afi%3Atikwd-6666149201%3Alp9181766%3Ali%3Adec%3Adm%3Appccp%3DUmFuZG9tSVYkc2RlIyh9YZVcNNsENnH02-pWD53qm9c&aid=306395&ucfs=1&arphpl=1&checkin=2025-07-01&checkout=2025-07-07&dest_id=900051864&dest_type=city&group_adults=2&req_adults=2&no_rooms=1&group_children=1&req_children=1&age=0&req_age=0&hpos=9&hapos=82&sr_order=popularity&srpvid=b72a5a11d23521f9&srepoch=1750078172&all_sr_blocks=1406595701_412441262_2_0_0%2C1406595701_412441262_2_0_0&highlighted_blocks=1406595701_412441262_2_0_0%2C1406595701_412441262_2_0_0&matching_block_id=1406595701_412441262_2_0_0&sr_pri_blocks=1406595701_412441262_2_0_0__960000%2C1406595701_412441262_2_0_0__960000&from=searchresults
Coconut tree cafe Gokarna,Double Room,Free cancellation,No prepayment needed,2 double beds,"₹ 60,000",-1,-1,2.1 km from centre,Gokarna,2025-07-01,2025-07-07,Gokarna,https://www.booking.com/hotel/in/coconut-tree-cafe-gokarna-gokarna1.en-gb.html?label=gokarna-in-VKOvbFwRZ45xs24a_OdV2QS392822631354%3Apl%3Ata%3Ap110%3Ap2300%2C000%3Aac%3Aap%3Aneg%3Afi%3Atikwd-6666149201%3Alp9181766%3Ali%3Adec%3Adm%3Appccp%3DUmFuZG9tSVYkc2RlIyh9YZVcNNsENnH02-pWD53qm9c&aid=306395&ucfs=1&arphpl=1&checkin=2025-07-01&checkout=2025-07-07&dest_id=900051864&dest_type=city&group_adults=2&req_adults=2&no_rooms=1&group_children=1&req_children=1&age=0&req_age=0&hpos=10&hapos=83&sr_order=popularity&srpvid=b72a5a11d23521f9&srepoch=1750078172&all_sr_blocks=1340504901_406457282_2_0_0%2C1340504901_406457282_2_0_0&highlighted_blocks=1340504901_406457282_2_0_0%2C1340504901_406457282_2_0_0&matching_block_id=1340504901_406457282_2_0_0&sr_pri_blocks=1340504901_406457282_2_0_0__3000000%2C1340504901_406457282_2_0_0__3000000&from=searchresults
